Output (S),Ia,Ib,Ic,Va,Vb,Vc,Unnamed: 7,Unnamed: 8,prediction
1,54.40012999,-195.5045336,143.791313,0.418898651,0.041667388,-0.46056604,,,1
0,-64.59840133,34.48079878,27.25006492,0.131668579,-0.563834635,0.432166056,,,0
0,54.68481867,-9.915715078,-47.70354862,0.217269199,0.388977298,-0.606246496,,,0
1,732.4099763,-676.5069807,-53.84379052,0.014915249,-0.295435783,0.280520534,,,1
0,-70.9375553,65.35428777,2.706621332,-0.178890131,-0.403244155,0.582134285,,,0
1,-35.57445164,783.9444506,-745.7507746,0.181615389,-0.000921074,-0.180694315,,,1
1,176.3396958,661.2749871,-837.6161267,0.040674949,-0.010110894,-0.030564055,,,1
1,128.3160581,-820.4474972,694.2106189,-0.034308275,-0.00435955,0.038667825,,,1
0,-63.51422779,85.75835895,-25.24156713,-0.411556011,-0.176919365,0.588475376,,,0
0,53.47909119,-10.92274433,-43.33211903,0.298825572,0.313302723,-0.612128295,,,0
0,27.17722606,-38.44910613,13.22498391,0.574078054,-0.143743595,-0.430334458,,,0
0,18.55790474,-35.26573288,18.5160895,0.585796828,-0.190650735,-0.395146094,,,0
1,430.0594452,-15.85943257,44.37724236,0.30093186,-0.598334625,0.297402765,,,1
0,37.19550892,-56.43452244,32.89175214,0.587815474,-0.15706842,-0.430747054,,,0
0,-24.52293192,-25.78962861,21.86461109,0.378762357,-0.543356147,0.16459379,,,0
1,-729.509819,295.9404415,434.2163207,-0.056563483,0.044294094,0.012269389,,,1
0,52.85100775,16.82503238,-73.08995791,-0.016809158,0.547129815,-0.530320657,,,0
1,-68.01596946,215.394727,-144.9326002,-0.421729578,-0.041593544,0.463323122,,,1
0,61.18233885,-45.1302282,-16.05211065,0.281342505,0.323952914,-0.605295419,,,0
0,-54.09368246,20.05170456,30.57754048,0.31204356,-0.583746465,0.271702905,,,0
0,36.33405511,-55.2655867,21.77132196,0.535541201,-0.029574371,-0.50596683,,,0
1,312.0176224,62.64026281,-46.34414094,-0.374911474,0.461247014,-0.086335539,,,1
0,51.54480563,13.02187593,-62.3104735,-0.142298415,0.588094772,-0.445796357,,,0
0,-32.40794132,63.33728673,-34.59474136,-0.587454739,0.160634661,0.426820078,,,0
1,-134.435513,-688.124929,824.5648707,-0.04010367,0.008221522,0.031882148,,,1
0,-34.77694043,63.326897,-28.54995657,-0.565952329,0.095551572,0.470400757,,,0
0,-40.66414889,4.40158563,32.80250323,0.43514455,-0.555002163,0.119857613,,,0
0,38.22611829,46.26952818,-87.52784984,-0.323298781,0.624681425,-0.301382644,,,0
0,15.38235336,50.28193753,-62.59048656,-0.513379377,0.543496953,-0.030117576,,,0
1,-235.3298632,855.8506728,-618.40291,0.030891166,0.009656003,-0.04054717,,,1
0,-67.2776821,22.31077723,47.76333532,0.063316697,-0.552549867,0.48923317,,,0
0,55.46702608,-37.98679987,-11.96020276,0.308170446,0.294503756,-0.602674202,,,0
1,-40.55343116,-358.4795866,401.4729631,-0.502264898,-0.036203628,0.538468526,,,1
1,-86.22728748,804.4416997,-718.2166759,0.035394443,0.002443836,-0.037838279,,,1
1,56.73599934,-333.5376858,279.3721677,0.359710179,0.039491203,-0.399201382,,,1
1,687.1247281,112.4847118,45.16552649,0.038635457,-0.376546191,0.337910734,,,1
1,-227.0160716,-620.649378,-57.75783563,-0.041347838,0.303559401,-0.262211563,,,1
1,787.7659621,-737.0069504,-48.76738302,0.001936632,-0.067013868,0.065077236,,,1
0,-60.25420102,53.22699534,3.26470686,-0.385593093,-0.213449003,0.599042096,,,0
0,55.68405377,6.170594992,-63.75392446,0.105363379,0.476052557,-0.581415935,,,0
0,22.6968663,43.80634371,-63.37439705,-0.467937543,0.573629446,-0.105691903,,,0
0,-34.69792544,-14.32970099,49.02762642,0.312546754,-0.597346614,0.284799861,,,0
0,53.04913145,-56.70195224,3.652820792,0.433388298,0.14987462,-0.583262918,,,0
0,51.95430912,19.93363624,-75.04747032,-0.072746106,0.571532073,-0.498785967,,,0
1,-678.0794743,-149.9024349,830.0741173,-0.039135341,0.033654807,0.005480534,,,1
0,-43.36279931,62.71025422,-23.09004797,-0.544290852,0.038821532,0.505469321,,,0
0,59.44802801,-26.45691168,-36.70035707,0.072375989,0.484075195,-0.556451184,,,0
1,463.7288069,68.09729287,-41.43430805,-0.352238123,0.371984444,-0.019746321,,,1
0,50.54558009,-48.15580681,4.345775111,0.434181833,0.143945741,-0.578127574,,,0
1,851.5292899,-271.5993594,11.08671259,0.027450589,-0.335732278,0.308281689,,,1
1,-160.3199249,-668.7750022,-57.71282036,-0.040498459,0.285143597,-0.244645138,,,1
0,-2.809397808,-34.08148046,38.85494257,0.562850242,-0.469573227,-0.093277015,,,0
1,172.3694179,-36.40226063,49.27768807,0.359290927,-0.598577799,0.239286871,,,1
1,-881.6027601,389.8361997,491.7642968,-0.022124547,0.042385609,-0.020261062,,,1
1,-882.3324311,415.2945684,469.0593145,-0.020971352,0.042383327,-0.021411976,,,1
0,61.25038391,-36.59644717,-26.16192503,0.183405654,0.407214302,-0.590619956,,,0
0,-17.49742817,-46.65457614,60.54114584,0.548108416,-0.496176972,-0.051931444,,,0
1,-737.964956,200.3531248,-15.82795962,-0.014242968,0.299069409,-0.284826441,,,1
0,10.97320652,-43.45751849,34.67871868,0.597554348,-0.266831432,-0.330722916,,,0
0,30.23499933,35.56561558,-63.07483749,-0.407920873,0.596635095,-0.188714221,,,0
0,-65.41770679,38.48488348,23.58897424,0.138886368,-0.563473963,0.424587595,,,0
1,-63.08012416,45.99037786,19.52461825,-0.473446197,-0.042439851,0.515886047,,,0
0,48.8758675,-43.85826341,-2.267707032,0.386211821,0.207693739,-0.59390556,,,0
1,-825.3909963,139.4607344,685.9280366,-0.031771651,0.040198582,-0.008426931,,,1
1,55.84234254,-541.4414957,488.3323981,0.278205369,0.027067541,-0.305272909,,,1
0,-58.62157461,8.333919809,50.2876548,0.106533508,-0.569831757,0.46329825,,,0
1,-44.57958224,786.1653248,-741.5874336,0.036461739,0.000439092,-0.03690083,,,1
1,853.8051608,-625.3225737,-226.4181409,0.009181761,-0.040375733,0.031193972,,,1
0,-66.01659304,31.01949538,37.29863822,0.060928658,-0.546396106,0.485467448,,,0
0,-22.45188117,-43.13886811,61.83871019,0.526298112,-0.521933067,-0.004365045,,,0
1,-574.1242184,239.2878357,-5.059180434,0.069065986,0.168907583,-0.237973569,,,1
0,-35.40209238,91.51755454,-54.27317149,-0.594686409,0.167053623,0.427632786,,,0
0,-21.53747365,-40.89874705,62.4362207,0.512872106,-0.535851443,0.022979337,,,0
0,-35.56472474,-2.503840485,34.86378011,0.466701374,-0.540192079,0.073490705,,,0
0,-16.09849896,68.97126916,-49.94074386,-0.609846833,0.344477071,0.265369762,,,0
0,-7.27243021,87.32268712,-83.18588525,-0.602968884,0.434814389,0.168154495,,,0
1,469.367227,-889.430045,-40.12586982,-0.021023446,0.039517154,-0.018493708,,,1
0,-4.778492314,-37.48676852,44.46304434,0.586224773,-0.392327528,-0.193897245,,,0
0,-41.37344481,91.37699901,-48.16250247,-0.573355199,0.101748909,0.47160629,,,0
0,-23.42082306,89.75317653,-64.48775969,-0.615461117,0.282899318,0.332561799,,,0
0,-40.61069341,-10.4759704,53.29248804,0.415770547,-0.578085691,0.162315144,,,0
1,-803.3015786,85.16032972,720.15785,-0.033463039,0.039258991,-0.005795952,,,1
0,30.37991633,35.88791308,-63.06282682,-0.408137027,0.596758688,-0.188621661,,,0
1,-543.2256532,875.4409857,-330.1025152,0.017450093,0.02470955,-0.042159642,,,1
0,-2.965658345,-27.58327959,32.43204183,0.586178659,-0.370862993,-0.215315666,,,0
0,-54.63723934,77.63051176,-20.76464867,-0.484986254,-0.075524255,0.56051051,,,0
0,-61.5472926,30.33462178,33.10866833,0.160145498,-0.572922582,0.412777084,,,0
1,471.8700888,412.1917714,-881.933146,0.042233272,-0.024018151,-0.018215121,,,1
0,-66.20500011,40.8576495,21.87843735,0.129104177,-0.560063475,0.430959298,,,0
1,671.3573299,70.73965268,-30.79705485,-0.288724613,0.205978106,0.082746507,,,1
1,393.1563323,-899.1125735,-44.43742251,-0.02416444,0.079873858,-0.055709418,,,1
0,-55.49351128,77.98403447,-20.17478412,-0.479364906,-0.08458311,0.563948015,,,0
1,12.7482618,525.4284722,-535.4720644,0.459588332,0.029299825,-0.488888157,,,1
0,-61.99764032,7.344142221,50.88758166,0.114680232,-0.572996564,0.458316331,,,0
0,34.16492344,-55.66432291,36.73276327,0.596701854,-0.193328748,-0.403373106,,,0
1,135.3446005,688.1373857,-823.4834833,0.040073823,-0.008161538,-0.031912285,,,1
1,772.9856573,23.57400131,25.20347894,0.127334209,-0.453990337,0.326656128,,,1
0,-51.77291394,91.87530186,-42.99205682,-0.52757453,-0.000312144,0.527886674,,,0
0,-69.11176747,29.64302887,42.15470911,-0.012470433,-0.518037181,0.530507614,,,0
1,-209.1725573,847.6958269,-638.525096,0.031778752,0.008370525,-0.040149277,,,1
0,54.67242931,-20.01883007,-32.71024301,0.311170342,0.299305744,-0.610476086,,,0
0,11.67934182,-52.23988156,43.21928702,0.598562076,-0.255616607,-0.342945469,,,0
1,35.38886929,-45.45341943,49.92900781,0.37550287,-0.576500596,0.200997726,,,0
1,483.2107941,400.3168769,-881.4790355,0.042143245,-0.02453751,-0.017605735,,,1
0,46.68909851,33.81721785,-78.57453077,-0.236701282,0.616141855,-0.379440573,,,0
0,35.92212088,-29.37026006,0.728406817,0.575762907,-0.128957432,-0.446805475,,,0
0,57.4760193,-10.71210354,-44.50228044,0.094010314,0.475585984,-0.569596299,,,0
0,-68.4334677,69.79610849,0.541209787,-0.240904594,-0.354619001,0.595523595,,,0
0,53.12199194,15.78503745,-71.94827974,-0.043775986,0.558406351,-0.514630365,,,0
0,-51.98208297,13.38846602,40.41530881,0.299735929,-0.590412479,0.29067655,,,0
0,-71.49542745,72.30351798,-4.037609879,-0.216627031,-0.37286768,0.589494711,,,0
0,44.99172587,39.6351476,-87.46844355,-0.222408949,0.618743398,-0.396334448,,,0
0,-63.30594393,92.4798604,-32.64051087,-0.4347047,-0.146588643,0.581293342,,,0
0,-27.4248852,-10.78136284,36.79079072,0.533385734,-0.413276796,-0.120108938,,,0
1,-769.1643857,168.7830625,-20.54374551,-0.057097552,0.342103414,-0.285005862,,,1
0,34.38920823,41.08194602,-73.13284099,-0.381328975,0.609508608,-0.228179632,,,0
1,814.7706557,-711.5822125,-103.1803767,0.003489972,-0.038366298,0.034876326,,,1
1,-626.208224,853.1372388,-224.8178211,0.012475339,0.028829355,-0.041304694,,,1
0,43.79116048,39.00552418,-86.07435565,-0.239116774,0.620112932,-0.380996158,,,0
1,-866.5951736,288.1526117,580.5412139,-0.02647073,0.041901819,-0.015431089,,,1
1,-736.9026314,-35.69248742,-25.2579807,-0.087034503,0.407214268,-0.320179765,,,1
1,-271.9568043,868.7007737,49.20401205,0.029506879,-0.131395254,0.101888375,,,1
0,-0.651255025,84.72709524,-87.33654567,-0.584669245,0.481492877,0.103176369,,,0
1,1.552092983,-714.4911165,715.3529121,-0.337009102,-0.013457263,0.350466365,,,1
0,40.5401201,43.62250019,-87.31486631,-0.290521837,0.624779672,-0.334257835,,,0
0,36.43693411,47.954209,-87.30815555,-0.346978158,0.622882267,-0.275904109,,,0
0,56.9719278,-32.2504471,-19.64655208,0.240963306,0.358813615,-0.599776922,,,0
1,-739.4433674,788.4512075,-46.89928234,0.004007696,0.034528952,-0.038536649,,,1
1,673.935809,-832.0886002,158.1505291,-0.009304344,-0.031106724,0.040411068,,,1
0,-49.21939699,-10.16542435,62.16836101,0.35254805,-0.599128685,0.246580635,,,0
0,59.64809525,-34.3158098,-29.04471108,0.156383891,0.427897848,-0.584281739,,,0
0,-16.47540858,60.20179514,-47.39777324,-0.607051063,0.309105437,0.297945626,,,0
1,-43.78463176,781.0103614,-734.7264577,0.105965578,-0.007522868,-0.098442709,,,1
0,55.56996877,-15.88574787,-37.8157189,0.261907573,0.347849798,-0.60975737,,,0
1,15.56708471,497.4602599,-510.319949,0.468554099,0.03070885,-0.499262949,,,1
0,45.8253176,-46.78156922,3.707765999,0.427976114,0.153112486,-0.5810886,,,0
0,34.60321859,-27.05182433,-10.85753777,0.506355737,0.029268023,-0.53562376,,,0
0,-37.98849867,100.1684198,-65.61775438,-0.601093058,0.182418018,0.41867504,,,0
1,880.080829,-364.4520939,-513.5688469,0.023201501,-0.04225743,0.019055928,,,1
1,869.3674213,-402.3881675,17.10454399,0.022092471,-0.309101419,0.287008948,,,1
0,-8.267926627,87.82520411,-82.6926045,-0.605080032,0.427831811,0.177248222,,,0
0,-69.91264596,32.83803734,39.87624725,-0.041214304,-0.502775246,0.54398955,,,0
1,604.6078472,235.881041,49.79273812,0.040700966,-0.373360469,0.332659504,,,1
1,564.1233356,70.14247281,-37.09537435,-0.327624857,0.300881557,0.0267433,,,1
1,863.3744004,60.13207057,-7.279523936,-0.12630414,-0.103408911,0.22971305,,,1
0,21.69590229,65.43446468,-90.15645705,-0.475071631,0.589148013,-0.114076382,,,0
0,-42.03440044,73.44756751,-28.54451264,-0.57154864,0.098803802,0.472744838,,,0
0,1.645906892,82.21211396,-86.99636245,-0.577495067,0.492847845,0.084647222,,,0
0,-40.41337191,-20.2142422,63.40744373,0.431258168,-0.578864091,0.147605923,,,0
0,49.82582628,-15.7312656,-37.39213653,0.332520167,0.27775795,-0.610278117,,,0
0,11.75314905,-32.87078599,22.99802818,0.59345925,-0.251325847,-0.342133402,,,0
0,34.12815928,18.34704696,-49.64047497,0.492883931,0.055316233,-0.548200164,,,0
1,-761.6230144,-45.06257839,-15.98025082,-0.025736922,0.324009937,-0.298273015,,,1
0,19.25459023,-34.31022959,16.93458546,0.583632609,-0.181075993,-0.402556615,,,0
0,10.04536317,-60.51216209,46.72546876,0.604712863,-0.30088148,-0.303831382,,,0
0,58.60900452,-50.36319453,-8.245809983,0.346373021,0.257221784,-0.603594805,,,0
0,44.40544391,12.49636213,-60.08513807,-0.295213288,0.605829198,-0.31061591,,,0
1,-657.620238,-87.18732268,-9.434907575,0.143773048,0.0277662,-0.171539248,,,1
1,88.91583634,-48.56683077,50.84711416,0.372352658,-0.591343496,0.218990837,,,1
1,-846.4685632,259.8716873,-26.33911966,-0.027985562,0.341477861,-0.3134923,,,1
0,40.86145773,32.49119822,-71.01232281,-0.310360532,0.615452107,-0.305091576,,,0
0,-66.1433462,82.41156156,-19.26392347,-0.366856972,-0.230033442,0.596890414,,,0
0,-4.606968482,55.40491998,-54.44576393,-0.595034554,0.401282572,0.193751982,,,0
1,875.70014,48.95352674,5.233536888,-0.032482318,-0.248634771,0.281117089,,,1
1,-88.33626705,-732.3526612,822.8531214,-0.036734175,0.00518228,0.031551895,,,1
0,36.78683773,22.05555113,-62.53391969,-0.374443116,0.599980842,-0.225537727,,,0
1,-68.44116677,251.3993827,-180.6063,-0.407823367,-0.041072549,0.448895916,,,1
0,55.01598356,0.621436477,-58.8033279,0.125751176,0.460819379,-0.586570554,,,0
0,-6.915643152,-24.32068221,28.27695809,0.581313063,-0.38290669,-0.198406373,,,0
0,6.85020344,66.30557727,-70.82441599,-0.561260327,0.500152566,0.061107761,,,0
0,-67.38313459,73.49883899,-4.210938425,-0.284194551,-0.315867271,0.600061822,,,0
0,-19.82941525,95.06041683,-78.61330502,-0.619632234,0.346322828,0.273309407,,,0
1,-275.8898744,864.5516882,-588.6636865,0.029484344,0.011603831,-0.041088175,,,1
1,-493.326864,-386.8402691,882.2557252,-0.042114345,0.025134849,0.016979496,,,1
0,48.26554551,-21.56096776,-26.08386992,0.431427172,0.153506724,-0.584933896,,,0
1,844.6139967,63.38045998,-11.89582066,-0.159745681,-0.046764751,0.206510432,,,1
1,-119.8025178,-695.6866569,-57.51486782,-0.039868756,0.27324267,-0.233373915,,,1
0,44.88201836,37.02273407,-85.18305349,-0.221340322,0.617115053,-0.395774731,,,0
1,114.5399772,-815.2396575,702.7006447,-0.034694697,-0.003697229,0.038391926,,,1
0,-63.25461365,22.05643689,43.13818605,0.347090197,-0.543453623,0.196363427,,,0
1,-16.50967052,773.6627489,55.93568296,0.037143284,-0.229347757,0.192204474,,,1
0,-40.98230281,63.09028535,-25.84701588,-0.556346539,0.06726237,0.48908417,,,0
0,22.76902191,53.50711988,-73.94096842,-0.476447731,0.576590304,-0.100142572,,,0
1,825.4637504,-139.9442733,-685.5217407,0.031717985,-0.040110512,0.008392527,,,1
0,19.72128899,39.35333833,-62.75908111,-0.503664819,0.544471356,-0.040806538,,,0
0,-21.12133085,93.08444098,-75.09452253,-0.619096182,0.328548919,0.290547264,,,0
0,47.58888445,34.65509445,-84.99579159,-0.177102793,0.60868189,-0.431579097,,,0
0,-28.41455873,81.51265482,-50.77477947,-0.607546265,0.233241553,0.374304712,,,0
0,45.84496511,9.537412565,-59.07851225,-0.269899688,0.604671717,-0.334772029,,,0
1,-9.611725799,-658.0657376,670.1656281,-0.397109527,-0.020725046,0.417834573,,,1
1,49.89308339,-651.3364887,604.0262447,0.12270288,0.025653792,-0.148356672,,,1
1,-215.9812609,-632.9442429,851.0096849,-0.041213261,0.012095686,0.029117575,,,1
0,-49.92790192,0.67148478,51.46478666,0.327041271,-0.595771171,0.268729899,,,0
0,-49.12743559,10.09180654,36.06315009,0.353166513,-0.582778491,0.229611978,,,0
0,-45.08691365,-15.20319476,62.96423085,0.390005071,-0.592238362,0.202233291,,,0
1,-282.5483952,-582.6857114,867.2406553,-0.041859276,0.015244045,0.026615232,,,1
1,-20.39682996,748.7640368,-725.8106493,0.292773342,0.009649674,-0.302423016,,,1
0,45.53703669,38.63898765,-87.00185021,-0.213440982,0.617023753,-0.403582771,,,0
0,-36.81840444,98.73067951,-65.28873503,-0.602866797,0.190755801,0.412110996,,,0
0,-1.687743705,82.17507466,-83.392314,-0.589262549,0.466715819,0.12254673,,,0
0,-59.12968612,67.65675219,-5.690137811,-0.45212502,-0.128175549,0.580300569,,,0
0,-50.61489528,79.45285865,-26.60805417,-0.517999332,-0.01868036,0.536679692,,,0
1,-33.97792262,-429.5456628,465.7778617,-0.49035794,-0.033290999,0.523648939,,,1
0,-19.84268587,-28.01535225,50.14524676,0.54137324,-0.486857848,-0.054515393,,,0
1,-878.6516116,365.4883802,515.1839063,-0.023241319,0.042316105,-0.019074787,,,1
1,-206.3557718,-656.867517,865.3893547,-0.037551068,0.010533407,0.027017661,,,1
0,52.51053435,-16.33407619,-39.11344237,0.293971522,0.317768192,-0.611739714,,,0
0,56.11123853,-35.90547096,-14.86035389,0.283481127,0.319215024,-0.602696151,,,0
1,-49.72431716,-219.3506327,271.4097823,-0.508346133,-0.039512152,0.547858285,,,1
1,-596.1816204,863.1008519,-264.8074291,0.014368235,0.027334332,-0.041702567,,,1
1,209.3344809,-848.3114977,638.9747534,-0.031823582,-0.008289473,0.040113055,,,1
0,49.12213343,28.09681446,-80.50008565,-0.139070035,0.596392961,-0.457322926,,,0
0,59.33056814,-37.59774726,-25.44666102,0.192809277,0.400116546,-0.592925823,,,0
0,-61.86197688,7.343396761,50.88684089,0.114725856,-0.572996565,0.458270709,,,0
0,10.7934252,-32.62193782,23.70908459,0.594018742,-0.259832787,-0.334185956,,,0
1,-678.7788851,-150.6738185,829.4504635,-0.039142653,0.033669815,0.005472838,,,1
0,-55.28805318,8.469464895,49.02865629,0.261089374,-0.595666648,0.334577274,,,0
0,35.81837337,50.40060664,-89.36910618,-0.347961882,0.624328938,-0.276367056,,,0
0,-28.77980318,-9.294548345,34.99249851,0.504864066,-0.512206806,0.00734274,,,0
1,-59.86098173,-26.32067966,88.51621811,-0.488713845,-0.042054054,0.530767899,,,1
0,-57.72433331,16.47295707,43.20039283,0.371659961,-0.544290577,0.172630616,,,0
0,-72.38467264,73.39882936,-4.486267588,-0.199680773,-0.385564484,0.585245256,,,0
1,-565.5354228,870.3715685,-304.8381814,0.016221884,0.025793726,-0.042015609,,,1
1,862.1628328,-338.8714422,21.38221351,0.02485936,-0.325018971,0.300159611,,,1
0,27.49556938,62.34008987,-93.2342387,-0.423906841,0.612594836,-0.188687994,,,0
0,-67.16836794,42.13694405,21.81213043,0.092941276,-0.549842655,0.456901379,,,0
1,-135.1056731,-688.8671343,823.9705439,-0.040110978,0.008236522,0.031874456,,,1
0,-67.45609637,43.84410453,20.14255533,0.101212945,-0.551413283,0.450200339,,,0
1,459.3494658,423.650477,-883.0008635,0.042272964,-0.023451322,-0.018821642,,,1
0,-24.69489764,96.57414557,-75.25992728,-0.61981096,0.305203522,0.314607438,,,0
1,762.074638,-26.13498593,38.97671381,0.035374332,-0.371234696,0.335860364,,,1
0,59.60192068,-28.25465788,-35.05721151,0.091230969,0.472389441,-0.56362041,,,0
0,-65.75460847,19.96687771,42.15145158,-0.00828728,-0.521141779,0.529429059,,,0
1,-30.3515843,-469.4440458,502.0546214,-0.480987456,-0.031582371,0.512569827,,,1
1,96.93862262,-825.7560553,-54.58581964,-0.034650687,0.204629164,-0.169978477,,,1
0,-65.7596996,39.85968138,22.43128661,0.138333354,-0.562660762,0.424327408,,,0
0,-2.620254478,54.39579456,-55.4518667,-0.590907557,0.415344744,0.175562813,,,0
0,-49.69206565,-9.594763828,61.96249433,0.345034542,-0.600207448,0.255172906,,,0
0,-72.63731565,66.60480333,2.560452785,-0.125894118,-0.438604312,0.56449843,,,0
0,-56.12967724,97.19521452,-44.52595307,-0.509129363,-0.03451271,0.543642072,,,0
1,-682.7635596,826.8345775,-144.0732816,0.008599665,0.031642298,-0.040241963,,,1
0,55.83787517,-17.28486237,-36.61048714,0.278383201,0.332363022,-0.610746224,,,0
0,45.8064843,-20.63341383,-28.47349974,0.399094455,0.197913281,-0.597007737,,,0
0,-22.07264959,-35.98807317,60.83425011,0.539659969,-0.498374311,-0.041285658,,,0
0,-54.84889465,17.77846432,34.09566517,0.289724562,-0.587444719,0.297720157,,,0
0,-31.11359019,92.22318248,-59.19416965,-0.606044471,0.213237403,0.392807067,,,0
1,-368.2564744,-501.7529733,-56.60620265,-0.042314437,0.337343844,-0.295029407,,,1
0,34.66163706,50.39402859,-83.20004809,-0.384220695,0.615709295,-0.231488601,,,0
0,29.28714471,57.55105121,-89.86690447,-0.415281509,0.612290658,-0.197009149,,,0
1,803.2434527,28.73837652,21.74405855,0.098622008,-0.421106584,0.322484576,,,1
0,48.2992835,-59.82510206,11.52581856,0.483053418,0.075127097,-0.558180515,,,0
0,-71.67303792,64.36957281,4.198125067,-0.142949344,-0.428349587,0.571298931,,,0
0,55.51544916,-4.354617283,-54.0933035,0.15436189,0.439315551,-0.593677442,,,0
1,-671.4260876,376.7649564,295.7254952,-0.124796364,0.05292407,0.071872294,,,1
1,696.8139265,121.9807679,-818.7947088,0.038612008,-0.034415796,-0.004196212,,,1
0,52.7730252,-53.22853139,-3.266447867,0.383184553,0.213449086,-0.596633638,,,0
1,-866.085988,-43.92424085,-9.8835678,-0.003546687,0.299531301,-0.295984614,,,1
0,-49.43208769,0.418058308,51.30872358,0.33463621,-0.594759609,0.260123399,,,0
0,59.38563126,-18.96498983,-42.83712984,-0.003610526,0.525932786,-0.522322261,,,0
0,-22.9507705,71.21334897,-45.35014444,-0.611148096,0.287469739,0.323678357,,,0
0,-66.2379206,38.45704096,24.91223947,0.094421006,-0.552018756,0.45759775,,,0
1,794.488645,-94.43794579,21.40363187,0.033415905,-0.360922111,0.327506206,,,1
0,-59.29756439,25.2499421,35.87141618,0.196726568,-0.581301085,0.384574517,,,0
0,-20.80798125,91.8451498,-74.05048981,-0.618597849,0.327816067,0.290781783,,,0
0,-66.91705013,33.94277612,35.2764782,0.032492307,-0.534407207,0.5019149,,,0
0,-67.57367513,57.25746206,13.13626897,-0.311948049,-0.29629475,0.608242799,,,0
1,336.1761813,-881.3085727,-46.67687216,-0.027032615,0.103309396,-0.07627678,,,1
0,-70.67862747,53.81071757,13.64490168,-0.020730161,-0.501129882,0.521860043,,,0
1,-547.0423745,880.7307099,35.32099009,0.016851742,0.001823256,-0.018674998,,,1
0,-59.70826548,2.377636801,53.7006341,0.161031197,-0.586686815,0.425655618,,,0
0,-71.23669901,66.53739975,1.709918178,-0.179365873,-0.402544525,0.581910398,,,0
1,615.1535116,70.67540614,-34.3588846,-0.311089245,0.258689853,0.052399392,,,1
0,-43.39646435,97.41693172,-57.26710202,-0.579657606,0.115712385,0.463945221,,,0
1,309.4335836,561.8192112,-871.2550584,0.041998417,-0.01640445,-0.025593966,,,1
0,52.23623331,-0.452886482,-49.04782815,-0.093191882,0.566242254,-0.473050372,,,0
0,-25.65030042,71.577774,-43.2171243,-0.609252843,0.261822593,0.34743025,,,0
0,51.03910385,-41.05641785,-7.234132715,0.34873579,0.251811541,-0.60054733,,,0
1,-847.8545366,617.9360055,-0.119403808,-0.010500602,0.232222347,-0.221721744,,,1
1,-29.21439336,774.5569783,-742.7079416,0.232054381,0.00373285,-0.235787231,,,1
0,-18.12315117,-30.36841939,50.86703964,0.548426853,-0.474521037,-0.073905816,,,0
0,-9.62830882,-51.67284299,57.69306838,0.575840602,-0.448677448,-0.127163154,,,0
1,-42.41158143,783.1382064,-738.1257496,0.121268065,-0.006223218,-0.115044847,,,1
0,-57.36825084,52.11623229,5.252018553,-0.369473543,-0.23115491,0.600628453,,,0
0,53.46235017,-36.6102966,-14.10537618,0.292654898,0.310941997,-0.603596894,,,0
0,-31.18394537,81.92354602,-48.41695357,-0.602745036,0.20646568,0.396279357,,,0
1,-576.1773416,867.9743658,-291.7992878,0.015600573,0.026322599,-0.041923172,,,1
1,-83.7133742,42.10281172,38.01563142,0.416930483,-0.066439089,-0.350491394,,,0
1,872.9290461,-313.2060173,-557.6639323,0.025379823,-0.04202332,0.016643497,,,1
1,828.3614559,-681.2419957,-145.0538232,0.005250191,-0.039000986,0.033750795,,,1
1,-542.7061308,-346.1535084,889.0110707,-0.041856042,0.027033479,0.014822563,,,1
0,-54.34098407,58.36322575,-7.677438908,-0.460354488,-0.112773849,0.573128337,,,0
0,61.20274434,-16.15181527,-45.05092907,-0.030965913,0.539495022,-0.508529109,,,0
1,-254.9325635,27.91061726,-48.47532015,-0.339233566,0.605641632,-0.266408065,,,1
0,0.948085268,-16.76910884,27.96192999,0.578177889,-0.341458755,-0.236719134,,,0
1,33.52071731,49.57114831,-49.79473699,-0.380156976,0.560090965,-0.17993399,,,1
1,751.5654063,69.45366088,-24.26993438,-0.24586358,0.114300881,0.131562698,,,1
1,239.4000167,-31.52660871,48.49391653,0.347830454,-0.604109235,0.256278781,,,1
0,-4.037517876,-52.80108192,56.8385998,0.582521895,-0.43566513,-0.146856765,,,0
1,836.981018,-664.0135992,-172.9696816,0.006560338,-0.039483393,0.032923055,,,1
1,31.31682859,-789.5416592,760.8239715,-0.104659289,0.006668556,0.097990733,,,1
0,40.4725327,-49.65303254,12.02159467,0.496911584,0.04159911,-0.538510694,,,0
1,-755.3083072,12.10239591,-39.64192008,-0.035745453,0.372188344,-0.336442891,,,1
1,883.4492849,-427.221988,-456.2295601,0.020343458,-0.042300336,0.021956877,,,1
0,-24.40166262,-11.21510715,36.13420503,0.539082877,-0.406508822,-0.132574056,,,0
0,55.07063458,5.51331694,-63.62841857,0.060709921,0.502979113,-0.563689035,,,0
0,-72.30024719,65.22682176,3.720566662,-0.125339547,-0.439419714,0.56475926,,,0
1,607.1571513,-859.7534301,252.5940171,-0.013783224,-0.027769517,0.041552742,,,1
1,-634.539222,-70.76676253,33.20366386,0.303936985,-0.241351566,-0.062585419,,,1
1,673.2239699,-836.6905129,-25.31356647,-0.008631751,-0.078131137,0.086762888,,,1
1,85.08596545,-818.1412664,733.101658,-0.03514768,-0.002554825,0.037702506,,,1
0,6.600066104,-28.55268016,18.88140503,0.592832126,-0.273513496,-0.31931863,,,0
1,45.44223811,-786.0861529,742.645841,-0.036496133,-0.00037551,0.036871644,,,1
0,-22.77508035,70.84236254,-45.35615098,-0.610935938,0.287346808,0.323589131,,,0
1,-480.192647,-417.3010203,897.6225834,-0.039612867,0.023706273,0.015906593,,,1
0,-70.56586976,38.31346051,35.05717096,-0.097982271,-0.469160353,0.567142625,,,0
1,302.2707958,-870.4003199,568.1272642,-0.028561046,-0.012796117,0.041357163,,,1
0,-23.35826359,-12.36321018,32.52069006,0.531665211,-0.481704297,-0.049960914,,,0
1,-208.4646119,848.4742054,-637.8912869,0.031786125,0.00835539,-0.040141516,,,1
1,-690.1932316,826.6395049,23.66885629,0.007318848,0.089670861,-0.096989709,,,1
1,-815.0820683,111.9875264,703.0923148,-0.03263674,0.039755605,-0.007118866,,,1
0,-67.89280213,24.26137668,46.42875848,0.044372684,-0.544693969,0.500321286,,,0
0,-50.51617589,96.24903969,-48.97669157,-0.543506468,0.030435593,0.513070875,,,0
0,14.86265768,45.97113391,-60.83379159,-0.545187393,0.501571122,0.043616271,,,0
1,881.3273222,-377.0463327,-502.2209034,0.022642257,-0.042289903,0.019647645,,,1
0,41.26253826,-33.33512207,-5.978668225,0.492612498,0.054285336,-0.546897833,,,0
0,19.06251962,-28.50096306,6.126257501,0.57462705,-0.149226239,-0.425400811,,,0
0,-70.68088407,42.6867302,30.80170105,-0.144683474,-0.437931185,0.582614659,,,0
0,-22.06678535,-14.31381633,33.30082121,0.536261793,-0.477053905,-0.059207888,,,0
0,19.39394959,-29.81175543,7.230528299,0.575154135,-0.150001373,-0.425152762,,,0
1,-429.0698688,-442.5451551,-55.52160228,-0.042337238,0.34942876,-0.307091522,,,1
0,54.5093237,7.167611779,-64.96501778,0.06911975,0.498707048,-0.567826798,,,0
1,866.5721486,-584.9240893,-279.5844065,0.011759561,-0.041093612,0.029334051,,,1
0,4.583159814,80.28453442,-88.00694076,-0.566470273,0.510145421,0.056324852,,,0
0,-66.56977998,24.62886216,38.302891,-0.05580227,-0.495283144,0.551085414,,,0
1,582.1684733,-875.4232218,295.4079465,-0.015040039,-0.026684802,0.041724842,,,1
0,13.57628962,-52.65771138,41.73965806,0.596696874,-0.238279018,-0.358417856,,,0
0,54.73573432,-39.9864686,-9.054335267,0.332187075,0.269145279,-0.601332354,,,0
0,-63.99821988,35.48732787,25.16800685,0.166338168,-0.570398297,0.404060129,,,0
0,11.07939947,-28.53585752,14.26642252,0.58952859,-0.230244233,-0.359284357,,,0
0,52.73076926,17.3774026,-73.39278006,-0.035294187,0.555518352,-0.520224165,,,0
1,-836.8941489,663.5091466,173.3828423,-0.006612599,0.039570353,-0.032957754,,,1
0,50.799434,-17.22968165,-33.66233192,0.376028247,0.226596643,-0.602624889,,,0
0,-54.86437645,78.33959391,-21.15925585,-0.485287475,-0.075168551,0.560456026,,,0
1,-846.8779399,208.2545246,640.7208576,-0.02946649,0.041116772,-0.011650282,,,1
1,-510.5818333,879.5632896,-368.98372,0.019235906,0.023079962,-0.042315868,,,1
0,-38.27978424,82.33374229,-41.73309554,-0.583524442,0.133089458,0.450434984,,,0
0,48.16147913,29.76869771,-81.08666687,-0.166331488,0.603834942,-0.437503454,,,0
0,-55.24571489,18.29241792,38.77586438,0.2579502,-0.589223164,0.331272964,,,0
1,341.0460908,-876.6590629,535.6107087,-0.027054971,-0.014683093,0.041738064,,,1
0,3.774667294,84.28443421,-91.38046463,-0.568095394,0.512527011,0.055568384,,,0
0,-50.42377312,-8.642061341,61.74175648,0.337225906,-0.601016228,0.263790322,,,0
0,21.87872989,54.33760154,-73.88138226,-0.482426703,0.573166712,-0.090740009,,,0
0,58.38845488,-42.23856531,-19.86585,0.245967693,0.355519803,-0.601487495,,,0
1,366.446804,-21.05788152,39.04149147,0.31662757,-0.59841653,0.28178896,,,1
0,57.30523296,-11.86041875,-43.09414923,0.112412657,0.463571946,-0.575984603,,,0
0,22.65023803,-39.6124309,18.91688601,0.588684638,-0.207562091,-0.381122548,,,0
1,257.0699076,603.2005594,-860.2717926,0.041605905,-0.013938163,-0.027667742,,,1
1,-328.6086017,-63.75760649,45.60828517,0.372747254,-0.448677461,0.075930208,,,1
1,-434.3589428,-447.9755205,884.3433273,-0.042352568,0.022381307,0.019971261,,,1
1,-458.972274,-424.5849117,883.5549222,-0.042295984,0.02351533,0.018780654,,,1
0,48.14640301,-37.27279862,-8.603694658,0.412109237,0.177547551,-0.589656788,,,0
1,-859.1355823,606.4593051,254.7803817,-0.01051376,0.040811955,-0.030298194,,,1
1,-17.2547289,-593.2306908,612.8601908,-0.433791455,-0.024668794,0.458460249,,,1
0,-29.78088916,-32.96798909,62.74887825,0.454958309,-0.574458045,0.119499735,,,0
1,170.825006,-16.85694842,18.51621692,0.353970792,-0.583917766,0.229946975,,,1
1,627.0216378,-852.8956028,225.8717017,-0.012518202,-0.0287591,0.041277301,,,1
0,-1.252174788,-39.16225162,42.78636906,0.59195768,-0.362197253,-0.229760427,,,0
1,847.6528155,-207.9664522,-639.6886268,0.029420233,-0.041043791,0.011623558,,,1
1,155.1965071,55.35345924,-49.10253859,-0.382212328,0.526702931,-0.144490604,,,1
1,861.9380965,-609.1755008,-252.7567863,0.010662841,-0.04089756,0.030234719,,,1
0,48.60523462,28.77740581,-80.53943382,-0.157105001,0.60124161,-0.444136609,,,0
0,37.08328688,-24.67807576,-15.83928639,0.485291649,0.068088469,-0.553380118,,,0
1,-422.2256592,-459.8782285,884.1125587,-0.04236885,0.021813453,0.020555397,,,1
0,-46.98081706,-3.132576058,52.32091388,0.358099972,-0.592241045,0.234141073,,,0
1,-655.2593508,-15.40190263,-29.07615106,-0.16082712,0.495283191,-0.334456072,,,1
0,-51.14475738,-7.684848456,61.50578503,0.329332749,-0.601675953,0.272343204,,,0
1,31.01721626,-797.0035968,-55.89292427,-0.034905847,0.228009779,-0.193103931,,,1
1,-51.57979718,758.9470708,-704.7946981,0.027360434,-0.013967488,-0.013392946,,,1
0,-46.34777571,-19.23380608,61.95925374,0.349201654,-0.603300141,0.254098487,,,0
0,-32.34323192,-20.54074865,55.26264154,0.477123686,-0.545411647,0.068287962,,,0
0,-25.65731512,96.83196603,-74.55500552,-0.619398336,0.296761079,0.322637257,,,0
1,51.90274994,736.7831981,56.89961517,0.038628504,-0.252072345,0.213443841,,,1
0,-35.34843592,-12.571981,47.92041691,0.297321281,-0.596182452,0.298861172,,,0
1,-19.75593907,-48.771313,49.84597637,0.37941706,-0.563652623,0.184235563,,,0
0,-62.45664508,82.34294276,-17.97896594,-0.395642902,-0.197282403,0.592925305,,,0
1,-710.6057992,141.1985984,571.5893563,0.037208301,0.019572507,-0.056780808,,,1
1,180.4266328,-851.5256269,673.2590316,-0.032092555,-0.007192393,0.039284948,,,1
0,-0.271530326,-22.62203519,19.44585142,0.589672055,-0.319806282,-0.269865773,,,0
1,864.8859027,43.04544828,10.64946662,0.009614145,-0.307767323,0.298153179,,,1
0,57.45343775,-45.12657909,-16.04423142,0.280216231,0.324009891,-0.604226122,,,0
1,799.6921718,67.51689728,-19.35060576,-0.212058771,0.048314485,0.163744286,,,1
0,-68.44215557,50.8580981,19.48388591,-0.037371065,-0.495072394,0.532443459,,,0
1,41.76445469,-93.94021537,55.02219217,0.517510494,-0.003685466,-0.513825028,,,1
1,-870.2017076,564.8870772,307.4179263,-0.013069746,0.041449137,-0.028379391,,,1
0,53.65192101,-52.11861259,-5.25455869,0.36828263,0.231156029,-0.599438659,,,0
0,12.33112457,-46.69019922,54.53153233,0.597847008,-0.329245216,-0.268601792,,,1
1,-400.3871278,-497.1924005,899.7489274,-0.036360588,0.01912269,0.017237898,,,1
0,-40.84843554,2.580608317,35.06119362,0.429791618,-0.559448605,0.129656987,,,0
1,453.0075941,417.5130799,54.98815397,0.042295968,-0.353673606,0.311377637,,,1
0,-20.47042507,94.05446741,-76.83848659,-0.619428737,0.337460022,0.281968716,,,0
1,38.09574445,744.7683189,56.73670099,0.038335346,-0.247637655,0.209302309,,,1
0,-28.83202821,-6.091051214,31.46666357,0.508152585,-0.505231263,-0.002921322,,,0
1,880.996489,-522.5293512,-356.3238493,0.015693951,-0.041997275,0.026303325,,,1
0,55.58152621,1.631007735,-60.14303349,0.08944063,0.48456765,-0.574008279,,,0
0,-42.2165969,1.128206414,42.90780788,0.398811292,-0.576071416,0.177260124,,,0
1,-55.43116415,-125.6346798,183.4970901,-0.502521935,-0.041268539,0.543790474,,,1
0,-58.65857163,23.68950718,31.99258348,0.23895692,-0.58467185,0.34571493,,,0
1,-704.6691859,-109.4926628,814.1596105,-0.038333987,0.034845603,0.003488384,,,1
1,-415.4038341,883.5386869,-466.0198008,0.023825642,0.018423289,-0.042248931,,,1
0,16.08453257,-48.34263535,52.05901873,0.601172608,-0.313213196,-0.287959412,,,0
0,34.61852763,40.39305382,-72.76143648,-0.381024628,0.609149032,-0.228124404,,,0
0,-72.03234038,75.80245602,-7.242107944,-0.226659967,-0.36397058,0.590630547,,,0
0,20.90652765,45.47957408,-63.27170729,-0.480011802,0.566923404,-0.086911602,,,0
0,37.24266871,50.15912943,-90.804618,-0.324862834,0.626981532,-0.302118698,,,0
1,-743.6159229,-39.5919646,785.3017047,-0.036790864,0.036617318,0.000173546,,,1
0,47.8283405,-51.89309179,11.67204068,0.484038453,0.068975366,-0.553013819,,,0
0,-42.55980629,97.46887506,-58.15601543,-0.582988407,0.125100766,0.457887641,,,0
0,20.12297115,-44.54612061,26.70136383,0.584975908,-0.178695034,-0.406280873,,,0
1,-853.7341332,597.5173787,-1.934338803,-0.011784324,0.241418109,-0.229633785,,,1
0,18.04461501,71.80111453,-93.2407233,-0.494566175,0.581170243,-0.086604068,,,0
1,612.6013803,-866.1099241,255.6611212,-0.013383491,-0.028144531,0.041528022,,,1
1,56.28680169,-288.6767004,234.9677947,0.381028128,0.040377102,-0.42140523,,,1
1,-452.4308193,883.2576807,-430.8291251,0.022136065,0.020220298,-0.042356363,,,1
1,-678.110539,-149.9215634,830.0454115,-0.039135815,0.033655186,0.005480629,,,1
0,-31.90584544,-5.717846346,34.4201384,0.488958469,-0.524580107,0.035621638,,,0
0,55.72238655,5.303727282,-62.88986756,0.114653502,0.469695212,-0.584348714,,,0
1,-272.0361168,868.8401887,49.20534355,0.029498139,-0.131389524,0.101891384,,,1
0,50.41664239,1.602820719,-55.71843164,-0.199716755,0.595038077,-0.395321322,,,0
0,-72.26114697,64.34210338,4.56650701,-0.115968747,-0.445555221,0.561523968,,,0
1,-533.3206908,5.982574249,-40.70784129,-0.264583291,0.578901892,-0.314318601,,,1
0,-52.31866072,16.75579227,32.2260816,0.328466062,-0.583391255,0.254925193,,,0
0,53.9186841,12.66857802,-69.51438405,-0.024271623,0.548769629,-0.524498006,,,0
0,24.26341102,-63.28060574,35.42122706,0.58745915,-0.16979154,-0.41766761,,,0
0,-14.23259355,90.55170176,-79.45262788,-0.614664619,0.383882433,0.230782186,,,0
0,50.65303554,27.71557715,-80.9749909,-0.112067393,0.588537474,-0.476470082,,,0
1,40.76178696,-761.4754983,723.3498661,-0.002011521,0.014477068,-0.012465547,,,1
1,598.5974115,-868.0917036,-31.624128,-0.013760908,-0.031349465,0.045110373,,,1
1,744.4361916,-785.6252644,-17.74221663,-0.002702948,-0.129251517,0.131954465,,,1
0,-63.59254989,24.39165598,41.41436281,0.117578997,-0.567001414,0.449422418,,,0
0,-0.795835304,-39.32433414,42.31710827,0.59262381,-0.363032836,-0.229590974,,,0
1,354.5020504,-877.5489222,525.1226576,-0.026532041,-0.015320096,0.041852137,,,1
0,-47.73331042,-2.188795354,52.12983869,0.350465914,-0.593346732,0.242880818,,,0
0,-42.22720159,3.069756785,36.07114591,0.417107098,-0.565482416,0.148375319,,,0
0,45.99707848,-28.96039132,-15.16405049,0.435478362,0.147290659,-0.582769021,,,0
0,-44.09589469,-6.149133766,52.53817952,0.387417116,-0.585985949,0.198568833,,,0
1,-72.51675796,41.76898976,-50.00237687,-0.369256317,0.587073522,-0.217817205,,,1
1,-405.040442,-466.5781475,-55.99696778,-0.042359365,0.344849364,-0.302489999,,,1
0,-67.32639631,22.90949969,47.10106075,0.054061422,-0.548811537,0.494750115,,,0
0,-67.93167366,26.74677898,43.57586304,0.00819667,-0.529957392,0.521760723,,,0
0,59.70215233,-45.59242873,-14.84958616,0.287923777,0.315927641,-0.603851417,,,0
1,-209.2695881,847.8396285,-638.5723041,0.03176914,0.008378155,-0.040147295,,,1
0,-49.88013524,11.03685742,35.87051318,0.345531982,-0.583883269,0.238351288,,,0
1,-806.5451792,715.4788364,91.06407913,-0.002648095,0.037964808,-0.035316713,,,1
1,554.9398859,-3.764149908,39.77928467,0.255770522,-0.572996564,0.317226041,,,1
0,-72.28683589,62.11098063,6.704070228,-0.078811832,-0.468116833,0.546928666,,,0
1,-835.8118963,219.4908187,-28.73258454,-0.029452313,0.348573431,-0.319121118,,,1
0,17.81918383,-27.05892446,5.79798505,0.576263648,-0.157533757,-0.418729891,,,0
0,-47.18485512,81.26561504,-31.7623491,-0.542362982,0.029255418,0.513107564,,,0
0,-66.68028027,63.9338959,4.969446427,-0.29747211,-0.306869657,0.604341767,,,0
0,-70.4701463,32.3623081,40.10678273,0.096804533,-0.506776216,0.409971682,,,0
0,47.56189925,-60.14545511,12.58355587,0.488893491,0.065811476,-0.554704967,,,0
0,-36.30111786,-5.045409927,43.16472164,0.445345845,-0.558088665,0.11274282,,,0
1,-765.0091072,-64.41345483,-14.45139151,0.039568703,0.213449054,-0.253017757,,,1
0,-36.7965964,-0.359422576,33.82531936,0.460307339,-0.542972446,0.082665107,,,0
0,-49.63908171,99.3324859,-53.14694631,-0.553576792,0.051072998,0.502503793,,,0
0,-70.97849378,68.99468845,-1.00643774,-0.20662493,-0.381549054,0.588173984,,,0
0,-16.52324947,-47.3238352,60.23657319,0.552058971,-0.49065324,-0.061405731,,,0
0,-57.41548687,5.362646782,52.05284009,0.134513766,-0.578901559,0.444387793,,,0
1,-865.7592927,-59.53757643,6.50287271,0.120619305,0.112773954,-0.233393259,,,1
0,39.2489587,45.57569935,-87.97629825,-0.307306107,0.625398209,-0.318092102,,,0
0,-69.31266936,48.21987442,18.22139659,-0.000211895,-0.512764001,0.512975896,,,0
0,-45.84513397,7.941019291,34.69563152,0.388946825,-0.573562693,0.184615868,,,0
1,191.5752099,-222.6869432,33.24872883,0.040249913,-0.53469896,0.494449046,,,1
0,-20.54715328,-18.2518536,40.61423272,0.534457474,-0.486192003,-0.048265471,,,0
0,-17.52429078,93.01274145,-78.74383334,-0.61797655,0.361431055,0.256545495,,,0
0,45.59276412,15.39727467,-60.99003879,-0.318646904,0.605626961,-0.286980057,,,0
0,-66.53188261,81.80893305,-18.27247067,-0.359090327,-0.238683692,0.59777402,,,0
0,-59.87845296,-16.12419493,33.05953798,0.436642872,-0.497284258,0.060641385,,,0
1,774.1975078,-762.4861693,-14.25989639,0.000276312,-0.151406135,0.151129823,,,1
0,-17.14265066,-30.97280203,50.4906836,0.55212875,-0.468806707,-0.083322043,,,0
0,-12.55083397,58.82913451,-49.95109805,-0.605408752,0.341218253,0.264190498,,,0
0,61.05693424,-28.13796656,-34.94052497,0.091087284,0.472389442,-0.563476726,,,0
0,18.71122445,69.16465064,-91.01965023,-0.493506022,0.579611175,-0.086105154,,,0
1,-564.9051396,871.196292,-304.2584018,0.016224291,0.025782604,-0.042006895,,,1
0,-42.65475237,-17.9277832,63.25588715,0.411198238,-0.586265985,0.175067747,,,0
0,30.06337171,-53.15642926,25.85083311,0.549636813,-0.064075203,-0.48556161,,,0
0,-62.83874783,88.00122441,-28.27797992,-0.426183396,-0.158076101,0.584259498,,,0
0,38.92190414,-61.987139,19.33522727,0.523932148,-0.000777192,-0.523154956,,,0
0,20.94343649,-53.71167881,35.42443569,0.583322346,-0.166721341,-0.416601005,,,0
0,25.69191632,-52.20048871,45.27454157,0.604851617,-0.263360856,-0.341490761,,,0
1,374.0998588,507.3520043,-879.4049987,0.04228966,-0.019431028,-0.022858632,,,1
1,586.3641278,-0.430043775,38.31365079,0.24207328,-0.563080384,0.321007103,,,1
0,-58.40237124,25.5265256,29.53617149,0.254615194,-0.583935754,0.32932056,,,0
0,-5.138664645,89.73766633,-87.9571898,-0.597386157,0.457520012,0.139866144,,,0
0,-5.282461883,86.27751653,-84.13128573,-0.598310624,0.448470408,0.149840216,,,0
1,-498.4290982,881.4308326,-380.8881047,0.019838982,0.022499304,-0.042338285,,,1
0,-51.4141755,-7.30745941,61.5062256,0.329124005,-0.60155479,0.272430785,,,0
1,-500.7335672,233.4197342,269.5018605,0.131713664,-0.013963848,-0.117749816,,,1
0,-10.97180081,-43.20359382,56.84002524,0.577215876,-0.432585197,-0.144630679,,,0
0,6.354041568,49.27093929,-59.2241697,-0.565474228,0.473361362,0.092112866,,,0
1,-881.994807,486.126606,395.8659373,-0.017421563,0.042185849,-0.024764285,,,1
1,-877.2052197,-50.53564128,-3.671597167,0.044450426,0.231156027,-0.275606453,,,1
0,-11.25351521,89.25099474,-81.13190275,-0.610535404,0.406286545,0.20424886,,,0
1,98.57630152,-811.8443256,-54.326037,-0.035057414,0.20022767,-0.165170257,,,1
0,41.89910755,15.39640009,-60.98951713,-0.319814005,0.605641587,-0.285827582,,,0
0,56.38308223,-2.806507676,-51.22815541,0.018045604,0.520745513,-0.538791117,,,0
0,-1.607981293,53.88873036,-55.91676996,-0.588698755,0.422222972,0.166475783,,,0
1,-69.29865678,477.9692374,-406.2868819,-0.287982607,-0.035527184,0.323509791,,,1
1,-732.8889257,148.5851096,586.4857616,0.007167668,0.028025922,-0.03519359,,,1
1,719.4967867,56.75570768,42.81351424,0.037468549,-0.37554971,0.338081161,,,1
1,863.2462372,-340.7026628,21.37610322,0.024970219,-0.32509174,0.300121521,,,1
0,-24.21029081,62.23704537,-41.73359699,-0.603211649,0.241351661,0.361859989,,,0
0,0.01749669,-28.90173169,30.76679604,0.590314891,-0.348469088,-0.241845803,,,0
1,-663.6360528,-8.445567948,-33.99918498,-0.203000944,0.530593953,-0.327593008,,,1
0,57.26158365,-16.4104153,-36.61285474,0.06782044,0.48737428,-0.55519472,,,0
1,-63.38183909,653.4748611,-587.6663875,-0.137468868,-0.026149268,0.163618136,,,1
1,-757.1403586,149.2622107,-20.50096799,-0.038736102,0.335535533,-0.296799431,,,1
0,-69.4780862,49.00936822,17.2472581,0.026834713,-0.523785114,0.496950401,,,0
0,44.84703739,-61.29695842,16.44992103,0.510438201,0.02787905,-0.538317251,,,0
0,-26.32073983,-35.54577313,61.86651295,0.474034239,-0.563986205,0.089951966,,,0
1,47.77680366,10.7190648,-55.78850566,0.476925756,0.042217411,-0.519143167,,,0
1,-511.1521733,8.195349319,-41.59575641,-0.273139874,0.584235825,-0.311095951,,,1
1,714.2972833,95.17270216,-807.3363559,0.038056218,-0.0351924,-0.002863818,,,1
0,51.23482395,-33.16063191,-15.717022,0.361334337,0.240774284,-0.602108621,,,0
0,45.21005934,35.72534396,-84.09007378,-0.220818626,0.616347844,-0.395529218,,,0
0,15.72107132,-61.07796421,45.35689289,0.605537901,-0.284213076,-0.321324825,,,0
0,35.35266623,50.39808883,-83.82215688,-0.377116786,0.617586441,-0.240469655,,,0
1,47.72695198,-682.717922,637.4647096,0.084084569,0.022929889,-0.107014458,,,1
0,-70.72855063,70.58683724,-2.849104472,-0.224562041,-0.367055581,0.591617622,,,0
0,-68.03450097,69.46730949,0.399417842,-0.249260561,-0.34765241,0.596912971,,,0
1,817.5439899,-699.3227885,-118.2234641,0.003920226,-0.038450057,0.034529831,,,1
0,50.85871521,22.37295714,-76.15598257,-0.118881019,0.587989817,-0.469108798,,,0
0,52.20832996,19.29771919,-74.79002608,-0.054301348,0.564177733,-0.509876385,,,0
0,-52.4468959,-48.49465082,57.16613913,0.412470162,-0.540367948,0.127897787,,,0
0,-63.22870814,35.97215666,27.25655148,-0.175873492,-0.414212081,0.590085573,,,0
1,-787.0506463,81.87922092,-36.22130264,-0.033852099,0.36656043,-0.332708331,,,1
0,-42.72908288,-19.23197818,61.96106106,0.350362388,-0.603300244,0.252937855,,,0
1,48.73354725,-670.730832,624.4765529,0.099663984,0.024037468,-0.123701452,,,1
0,-39.11682355,0.85285512,35.05795111,0.442549019,-0.553593625,0.111044606,,,0
0,-16.53753903,92.63634971,-79.35450621,-0.617194121,0.369255627,0.247938494,,,0
1,736.8168092,53.74279438,-790.5618672,0.037069915,-0.036204454,-0.000865461,,,1
0,-52.48966389,59.46830288,-10.63489002,-0.478467655,-0.084604806,0.563072461,,,0
1,305.4273747,557.4364177,57.33919733,0.042044604,-0.323183753,0.281139149,,,1
0,13.49601329,51.80533839,-62.23947581,-0.523513664,0.534611044,-0.01109738,,,0
0,-44.47540295,-23.19938357,25.27313128,0.391999425,-0.530909673,0.138910249,,,0
1,-869.838239,300.4660796,569.369946,-0.025955173,0.042011679,-0.016056507,,,1
0,-30.93365725,-10.02435038,42.77515339,0.480867712,-0.537151195,0.056283483,,,0
1,862.6771629,-263.0059383,-599.6692745,0.027557296,-0.041690262,0.014132966,,,1
0,-68.18225675,25.81967442,45.04752047,0.025588866,-0.536418908,0.510830042,,,0
1,688.7908461,70.62140444,-29.54739859,-0.280689756,0.187977627,0.092712129,,,1
0,-63.05163547,25.54576852,37.50586695,-0.064108686,-0.48973997,0.553848656,,,0
1,54.63340681,-325.9796802,274.126627,0.414408756,0.032297041,-0.446705797,,,1
1,-17.72255389,736.9374306,-716.5557982,0.311578721,0.011574844,-0.323153565,,,1
1,862.3350572,-260.7217915,-599.5549605,0.027457903,-0.041623248,0.014165345,,,1
0,-43.16010282,-10.84793703,37.64068574,0.50160005,-0.445643259,-0.055956791,,,0
1,-202.932701,32.47400013,-48.7192782,-0.349048963,0.603300268,-0.254251305,,,1
1,865.7595843,59.53793177,-6.502742502,-0.12061337,-0.112773844,0.233387213,,,1
1,-67.76189512,216.2391809,-146.1287497,-0.421632737,-0.041511226,0.463143963,,,1
0,-28.25666573,-12.24790556,42.46234424,0.481849184,-0.530104899,0.048255715,,,0
0,-62.98369619,33.48807134,26.15338214,0.184420512,-0.574286175,0.389865663,,,0
0,-37.55822509,-23.1875039,63.41753949,0.450765229,-0.570411843,0.119646615,,,0
1,-446.355785,-435.9402077,884.3837821,-0.042325558,0.02294342,0.019382139,,,1
0,-20.0329683,70.34144565,-47.38805714,-0.611487034,0.312362981,0.299124053,,,0
1,-62.86117157,-747.5062552,810.427317,-0.037245578,0.004235083,0.033010496,,,1
0,-35.89797428,-1.185852161,33.75344691,0.466171396,-0.539412689,0.073241293,,,0
0,47.38966521,-17.2287324,-33.58918392,0.369902261,0.234735887,-0.604638148,,,0
1,429.1010085,-882.9427655,455.8381117,-0.023305978,-0.018966905,0.042272883,,,1
0,-69.23642155,46.13922522,25.40227844,-0.090956042,-0.468899322,0.559855364,,,0
1,52.53848054,-123.5966862,73.75358725,0.443059048,0.042205215,-0.485264263,,,1
0,-45.52935756,95.88292566,-53.47686576,-0.568314315,0.086655493,0.481658822,,,0
0,49.76568552,-17.63268626,-35.30652263,0.340809071,0.268339661,-0.609148732,,,0
1,-256.7903108,-603.9906036,860.7786509,-0.041639019,0.014009941,0.027629078,,,1
0,-49.67245455,14.33620765,31.87329369,0.358626083,-0.578459589,0.219833506,,,0
1,-745.3504275,-19.33619326,-27.86025929,-0.14974167,0.478291344,-0.328549674,,,1
1,183.8354578,57.52147714,-48.42209166,-0.382138071,0.512008407,-0.129870336,,,1
1,354.4858426,6.11577067,10.27852595,0.310256578,-0.578332335,0.268075757,,,1
1,-641.2559114,-204.2954663,847.5639131,-0.040078611,0.031971773,0.008106839,,,1
0,-30.34844499,-29.73974066,62.75794278,0.497168367,-0.541385406,0.044217039,,,0
1,-698.4912428,821.4226299,22.83863726,0.006659085,0.095406432,-0.102065517,,,1
0,-59.32042749,74.38306222,-12.83572375,-0.434434798,-0.15006163,0.584496428,,,0
1,877.1860137,50.53551982,3.671256113,-0.044445349,-0.231155947,0.275601295,,,1
1,-414.3392462,178.0727238,2.260703771,0.154209258,0.064146009,-0.218355266,,,1
0,-34.00313379,72.95550237,-36.24436356,-0.596189095,0.182036736,0.414152358,,,0
0,9.021962622,64.2561344,-71.03421453,-0.552922059,0.510721047,0.042201012,,,0
1,-882.0323396,475.227902,408.8268609,-0.018018698,0.04223233,-0.024213632,,,1
1,652.6381027,191.1143556,-841.6202634,0.039865857,-0.03238425,-0.007481606,,,1
1,-51.40966874,-197.8276663,251.6694692,-0.50766857,-0.040151327,0.547819897,,,1
1,-355.8124601,22.28361629,-46.33231825,-0.321836858,0.604671723,-0.282834866,,,1
0,-51.13364893,71.26546201,-17.42926941,-0.520754443,-0.015131652,0.535886095,,,0
0,-30.40294,97.89289809,-70.86868943,-0.615098946,0.25357045,0.361528496,,,0
1,422.3502699,-889.5451492,-42.65740056,-0.023290929,0.06295176,-0.03966083,,,1
1,-19.42468453,744.9754779,-722.9922606,0.299161366,0.010296327,-0.309457693,,,1
1,858.3593905,41.26028785,12.17773063,0.021577009,-0.324009802,0.302432793,,,1
0,-68.96785746,55.29076007,15.50633279,-0.093806902,-0.462786283,0.556593185,,,0
0,-15.3010332,-44.18425277,65.62103604,0.559709845,-0.422222889,-0.137486957,,,0
0,-83.60526955,43.87845246,41.6738558,0.183842691,-0.522170845,0.338328155,,,0
0,-23.0642938,-10.36326508,29.97288877,0.5346732,-0.474717726,-0.059955474,,,0
1,636.9809548,-621.3924049,-13.47864582,0.022642248,-0.420164436,0.397522188,,,1
1,-60.9372687,-51.13242996,49.65623059,0.38137656,-0.55255375,0.17117719,,,0
1,-868.216226,-44.79046275,-9.113272831,0.002466,0.291221281,-0.293687281,,,1
1,868.1287289,-540.8602718,-45.91139219,0.014907941,-0.220854634,0.205946693,,,1
1,624.9140938,70.72976226,-33.78560308,-0.307548519,0.25005159,0.057496929,,,1
0,-11.53061466,-19.77658102,28.11010112,0.571570264,-0.409145853,-0.162424411,,,0
0,-27.25220734,80.63645404,-51.14832894,-0.608549084,0.241702424,0.366846661,,,0
1,41.64487712,144.6942815,-183.7206844,0.496616619,0.040974172,-0.537590791,,,1
1,304.7020088,-26.45869727,47.40905581,0.334214723,-0.605916062,0.271701339,,,1
1,-60.38875925,-14.06405765,76.78770252,-0.486451283,-0.042125932,0.528577215,,,0
1,866.5204538,-551.6883162,-49.23375871,0.014283552,-0.21297783,0.198694278,,,1
0,-3.891656461,-22.3685422,22.94036438,0.58618807,-0.351371593,-0.234816477,,,0
1,416.9099446,-882.5920872,467.6786891,-0.023858817,-0.018369947,0.042228764,,,1
0,-50.78389547,90.44870247,-37.75380295,-0.521592423,-0.011568374,0.533160797,,,0
1,804.7964145,-86.00748954,-718.7880401,0.033488437,-0.039244267,0.005755829,,,1
1,-637.092103,853.9526877,28.52440155,0.011212875,0.054856546,-0.066069421,,,1
0,43.55418216,38.69832722,-85.40627046,-0.247401173,0.620623086,-0.373221913,,,0
0,-63.13326392,33.23496501,31.7234955,0.123732462,-0.563431068,0.439698606,,,0
1,366.6552681,65.13683853,-44.5994082,-0.368228565,0.428997029,-0.060768464,,,1
0,-11.97176593,-33.04792233,47.30513915,0.569110599,-0.439365482,-0.129745117,,,0
0,51.20391777,-25.46557303,-23.79318398,0.379998088,0.221101559,-0.601099647,,,0
0,9.500908028,-51.47273199,57.73686175,0.596125574,-0.356777307,-0.239348267,,,1
0,-9.64317704,86.3550343,-79.61460776,-0.607884843,0.412126528,0.195758315,,,0
0,-26.4663527,91.46277668,-63.08007914,-0.613309125,0.257594706,0.355714419,,,0
1,769.630398,-696.4044301,-71.19820544,0.010475824,-0.210957205,0.200481381,,,1
1,381.1199027,-20.16003907,45.72676018,0.315188743,-0.603153823,0.28796508,,,1
0,-40.56843624,-0.671869029,43.059373,0.412637398,-0.571654573,0.159017175,,,0
0,55.99887839,-11.28905185,-48.41340068,-0.079503976,0.559496103,-0.479992127,,,0
0,-48.19720514,-11.48569944,62.3580552,0.36039057,-0.598143559,0.237752989,,,0
0,41.16512774,21.33597487,-59.77138349,-0.291076364,0.608747861,-0.317671497,,,0
0,-67.91197908,24.85328276,45.74337643,0.035090476,-0.540684296,0.50559382,,,0
1,255.4545965,-877.8561184,-50.1107519,-0.029106742,0.141603367,-0.112496626,,,1
0,56.53962823,-3.376540526,-53.16308771,-0.152978389,0.584258314,-0.431279925,,,0
0,32.54926559,55.48007404,-91.30166012,-0.379533291,0.621553652,-0.242020361,,,0
1,836.6846237,64.33953832,-13.41311233,-0.170592083,-0.02776615,0.198358233,,,1
1,-71.2978424,799.9364561,54.91758441,0.035777176,-0.210134798,0.174357621,,,1
0,35.55875529,-30.8309467,-7.673838877,0.507875365,0.027033248,-0.534908613,,,0
0,-22.97661554,-27.22564955,52.57879241,0.527879619,-0.501279121,-0.026600497,,,0
1,-75.10533606,-739.8832963,817.1526176,-0.03677687,0.004637148,0.032139722,,,1
1,864.0559319,-337.1984781,2.851156944,0.024836995,-0.319116712,0.294279717,,,1
0,13.20299123,44.59029354,-61.35327033,-0.53783733,0.512008403,0.025828927,,,0
0,5.914587822,-57.64927842,51.7346906,0.60143455,-0.364425791,-0.237008759,,,0
1,-23.33030481,-547.9959596,573.7892068,-0.456726586,-0.02816345,0.484890036,,,1
1,-722.2167978,804.3356817,20.3123624,0.004684636,0.112457015,-0.117141651,,,1
1,354.0820008,64.69341584,-44.94649661,-0.369823245,0.435665224,-0.06584198,,,1
1,429.1109357,442.4831584,55.52154773,0.042327792,-0.34941822,0.307090428,,,1
0,22.67552537,-32.4315013,6.805412152,0.568726813,-0.123882863,-0.44484395,,,0
0,25.06176449,-53.48948259,31.18714762,0.570022761,-0.120444214,-0.449578548,,,0
0,-58.70058493,1.645093116,59.43885908,0.221366607,-0.598673113,0.377306506,,,0
1,-874.4907994,543.2532823,333.2611069,-0.014330686,0.04170787,-0.027377183,,,1
1,820.7706433,-684.5291743,-6.222031155,0.005924679,-0.198283302,0.192358623,,,1
0,-18.63187085,78.43917539,-57.56945202,-0.613596642,0.318223568,0.295373073,,,0
0,11.62541373,52.93447599,-61.8396165,-0.532917398,0.525077361,0.007840037,,,0
0,20.17442578,-40.18180212,21.96348971,0.594235675,-0.243091175,-0.3511445,,,0
0,57.50795329,-15.03371465,-40.2115163,0.140556424,0.443802857,-0.584359281,,,0
0,-35.90005007,63.42422101,-31.1881586,-0.576690182,0.123633216,0.453056966,,,0
0,28.59889068,-32.22121617,0.673745982,0.546423041,-0.058403641,-0.4880194,,,0
1,-24.5996325,-752.8267649,777.4241405,-0.038079857,0.002963602,0.035116256,,,1
0,-67.00353109,57.54011598,12.15817704,-0.319911444,-0.288106425,0.608017868,,,0
0,30.49315524,-27.78802392,7.679090247,0.590567248,-0.192215701,-0.398351547,,,0
0,-3.926955607,56.78919334,-52.86223773,-0.598821104,0.379455997,0.219365107,,,0
0,-27.75499506,-41.97111205,67.39478984,0.536375508,-0.448677446,-0.087698062,,,0
0,-71.14375628,55.56138403,12.11123465,-0.012298142,-0.504324527,0.516622669,,,0
1,-107.6115914,-705.9171324,813.5264604,-0.03966141,0.006927206,0.032734204,,,1
0,53.83764284,12.92270757,-69.8024777,-0.015239988,0.544822184,-0.529582196,,,0
1,1.357127159,625.0337365,-623.7967786,0.413808054,0.023051205,-0.436859259,,,1
1,868.2977225,-379.2287504,18.8235501,0.023347364,-0.31578688,0.292439516,,,1
0,54.99974831,-8.374184795,-49.55944457,0.199546047,0.403844271,-0.603390318,,,0
0,-9.250650901,-43.90756472,55.92786308,0.581959222,-0.419022921,-0.162936301,,,0
1,-99.34701243,810.8292961,-709.4422924,0.035032635,0.003092751,-0.038125387,,,1
1,864.6547128,-557.7705134,5.550059091,0.014473469,-0.259185418,0.244711949,,,1
0,39.04141573,19.22962469,-61.96363345,-0.35154536,0.603300223,-0.251754863,,,0
1,7.571153308,46.92301016,-50.12496809,-0.377018869,0.570358184,-0.193339315,,,1
1,-0.422708247,-704.5778785,707.4098762,-0.348757983,-0.014711906,0.363469889,,,1
0,-34.03023093,-5.809804924,36.87269445,0.473447576,-0.53796567,0.064518093,,,0
0,-58.68628527,92.76921221,-37.32301598,-0.479016309,-0.083291015,0.562307324,,,0
1,47.203583,-688.4579262,643.7253033,0.076261503,0.022367551,-0.098629054,,,1
0,8.506875285,-47.44297951,49.6047711,0.378395595,-0.570358053,0.191962458,,,1
1,678.1161243,127.187543,45.73037435,0.038851062,-0.376528997,0.337677935,,,1
1,43.28610269,108.5156001,-149.0886416,0.492608684,0.041435358,-0.534044041,,,1
1,-782.3013735,746.6006591,35.69845068,1.15e-05,0.036705307,-0.036716767,,,1
0,-71.0509685,74.64906108,-6.82854316,-0.243298792,-0.350698002,0.593996794,,,0
0,-42.03585398,4.774973038,33.92826024,0.422717711,-0.56138211,0.138664399,,,0
1,803.2435345,28.73838451,21.74406148,0.098622005,-0.421106589,0.322484584,,,1
1,688.8821281,136.5033562,-823.2524698,0.038887212,-0.034038367,-0.004848845,,,1
1,11.79876866,534.4971325,-543.5922135,0.456370151,0.028815543,-0.485185694,,,1
0,3.280534468,82.22987836,-88.77237198,-0.570802042,0.505262143,0.065539898,,,0
1,72.47031089,-799.0832189,726.6106501,-0.03580915,-0.001690732,0.037499883,,,1
1,368.2950748,501.6955832,56.60622119,0.042304709,-0.337333113,0.295028404,,,1
0,-62.36784975,10.42098598,54.73821622,0.174904891,-0.587934088,0.413029197,,,1
1,-636.658371,848.6791457,-212.0230384,0.011826527,0.029331988,-0.041158515,,,1
1,669.085316,-842.8713173,173.7999112,-0.009486737,-0.030992586,0.040479323,,,1
0,-18.18313355,92.08641627,-77.03559807,-0.618091894,0.352760518,0.265331376,,,0
0,-65.93607601,41.48585924,20.80519116,-0.239606165,-0.363182707,0.602788872,,,0
1,-606.608993,-1.793637058,-37.28928158,-0.232635952,0.5557737,-0.323137748,,,1
0,-42.92468715,-17.55073954,63.25624773,0.410989721,-0.586144951,0.17515523,,,0
1,-431.2282676,-458.9931341,-54.56225733,-0.038589109,0.353342304,-0.314753196,,,1
0,55.53730232,-24.69603495,-28.48700937,0.256284609,0.349535224,-0.605819833,,,0
1,-738.0776356,-16.20728073,754.5744776,-0.04077068,0.037400579,0.003370102,,,1
0,51.31211061,22.20569427,-76.80083516,-0.082731415,0.576158055,-0.493426639,,,0
1,565.6500931,-870.9172088,305.2648541,-0.016271382,-0.025708954,0.041980337,,,1
0,57.18180043,-45.82118673,-15.07833937,0.288610023,0.31592764,-0.604537663,,,0
1,-358.9876456,-537.0894278,896.1785115,-0.042189275,0.018488488,0.023700787,,,1
0,10.45349452,-51.63294217,43.9433455,0.599063914,-0.264070343,-0.334993571,,,0
1,-858.3908955,247.7056197,610.683058,-0.028006987,0.041570411,-0.013563424,,,1
0,25.16342838,34.4973982,-63.34740261,-0.469571147,0.567075386,-0.09750424,,,0
1,881.1285165,-498.1255916,-383.0051881,0.016758399,-0.042025295,0.025266897,,,1
0,-2.607559521,54.40759245,-55.44007355,-0.590956359,0.415344746,0.175611613,,,0
0,53.9834387,10.32397162,-67.72361263,0.049684936,0.510950914,-0.56063585,,,0
0,57.397107,1.118454227,-56.65082639,0.071988126,0.494097012,-0.566085139,,,0
1,877.7916432,52.8145399,1.321532465,-0.062303967,-0.204515433,0.2668194,,,1
1,793.5706288,-97.05152261,35.50445828,0.033512302,-0.36520005,0.331687749,,,1
1,-53.88219112,-147.9722196,204.1879102,-0.504678055,-0.040768555,0.54544661,,,1
0,-48.56539196,61.28415724,-16.46848342,-0.511523137,-0.027766145,0.539289282,,,0
0,54.26100822,16.13424597,-72.68926074,0.001651135,0.538261998,-0.539913133,,,0
1,-70.02591089,385.2519414,-312.7600955,-0.34405444,-0.038476307,0.382530747,,,1
1,-874.2767905,326.4140536,547.8605258,-0.024890367,0.042170284,-0.017279917,,,1
1,613.8257692,244.9654701,-856.6598639,0.040685322,-0.030601985,-0.010083338,,,1
0,-21.73670991,-16.47171911,40.09497458,0.529815964,-0.490865368,-0.038950596,,,0
0,31.03522734,34.65285987,-62.9620473,-0.400757627,0.598480217,-0.19772259,,,0
1,-321.6594247,-550.7699065,874.4364585,-0.042123145,0.017089165,0.02503398,,,1
1,-481.7597782,-399.2662509,883.1144205,-0.042182766,0.024595949,0.017586817,,,1
1,-434.2294271,889.7881114,42.03993537,0.022722615,-0.057102076,0.034379461,,,1
0,1.999380107,-29.70975878,29.59257791,0.592330971,-0.333087163,-0.259243808,,,0
1,-797.4132617,71.35091091,728.1577784,-0.033866458,0.039002792,-0.005136334,,,1
0,56.89513818,-46.50448919,-14.1087275,0.296932313,0.307767441,-0.604699754,,,0
1,-841.1202687,637.7124763,1.695232008,-0.009204515,0.222796086,-0.213591571,,,1
0,2.179267908,-40.55465674,40.57169435,0.595869635,-0.340091861,-0.255777774,,,0
0,29.10486451,60.52590091,-93.02999705,-0.409681371,0.616434962,-0.206753591,,,0
0,-1.030196605,71.21390848,-67.85413771,-0.587868995,0.451717815,0.13615118,,,0
0,14.44174506,51.04870893,-62.42267355,-0.518509803,0.539120105,-0.020610303,,,0
0,-68.06949242,48.97148749,20.99746816,-0.018341436,-0.505041875,0.523383312,,,0
0,52.47709922,18.33556844,-74.09696021,-0.044801584,0.559914602,-0.515113018,,,0
0,-57.34574769,-2.602214366,56.18390747,0.206290987,-0.596759945,0.390468958,,,0
1,-328.5515025,-556.7943108,-56.66244541,-0.038740746,0.332560381,-0.293819635,,,1
0,36.99241275,-30.35314993,-9.584726917,0.497868095,0.046055742,-0.543923838,,,0
0,56.22057879,-24.43680447,-29.04136483,0.152113044,0.431067529,-0.583180573,,,0
1,49.43765928,-657.9090074,611.0514547,0.115007,0.025121087,-0.140128087,,,1
1,527.589501,-887.1386593,359.5690269,-0.018256983,-0.023966968,0.042223951,,,1
0,-34.94479698,94.79781767,-62.86200129,-0.603501812,0.19759038,0.405911432,,,0
0,1.940980198,69.4659955,-69.07673019,-0.578942882,0.470741684,0.108201199,,,0
0,18.63052551,-61.83518203,43.20465651,0.603834038,-0.25870244,-0.345131598,,,0
1,-745.3571885,-19.33640346,-27.86046431,-0.149741967,0.478291332,-0.328549365,,,1
0,47.36659539,30.2959584,-80.58461659,-0.192789955,0.609298473,-0.416508518,,,0
0,57.10929844,-31.49188784,-20.5933321,0.232270869,0.366477611,-0.598748479,,,0
0,1.321237744,-57.22845155,52.30294258,0.599049784,-0.371984356,-0.227065428,,,0
1,868.2093223,44.79067727,9.113262725,-0.002460371,-0.291221172,0.293681543,,,1
0,-39.4523637,-27.55821083,63.25293043,0.41531631,-0.589356005,0.174039695,,,0
0,-70.9386542,58.43623749,9.627981298,-0.104556657,-0.45454065,0.559097307,,,0
1,709.1801349,-810.978859,103.8679373,-0.006683833,-0.032862178,0.039546011,,,1
0,31.47705804,31.95305145,-63.43010949,-0.449775034,0.576490249,-0.126715214,,,0
1,-782.2738688,746.5598966,35.71183835,1.42e-05,0.036703146,-0.036717338,,,1
1,49.16173873,-44.59538989,49.9189727,0.374292023,-0.57935889,0.205066867,,,1
0,-60.55900685,29.87474059,27.21753887,0.228178167,-0.580617356,0.352439189,,,0
0,-64.22078318,26.09006708,40.43115104,0.10795175,-0.563623574,0.455671824,,,0
0,-31.58528048,-6.985671609,35.48821041,0.489468276,-0.525329832,0.035861556,,,0
0,34.20101139,-28.57605657,-8.806723543,0.51169344,0.018978787,-0.530672227,,,0
0,14.75985449,-41.00160646,28.19979288,0.599201309,-0.319703379,-0.27949793,,,0
1,-17.00849142,-593.4006232,612.689261,-0.43365774,-0.024668756,0.458326497,,,1
1,-608.7362399,-64.94907999,11.5745935,0.167517877,0.03727017,-0.204788047,,,1
1,714.5423986,-810.3246645,-21.16014657,-0.00535167,-0.106790102,0.112141772,,,1
0,31.34409585,56.0469392,-90.53934532,-0.394004078,0.618126256,-0.224122178,,,0
0,2.350656553,51.66867999,-57.69742876,-0.578175098,0.448677529,0.129497569,,,0
0,8.751618885,55.07432759,-61.10645833,-0.546373792,0.509999215,0.036374578,,,0
1,-855.3740247,-40.35150287,-12.93684548,-0.027571215,0.332012185,-0.30444097,,,1
1,-863.7180076,-43.04652083,-10.65077412,-0.009557432,0.307767461,-0.298210029,,,1
1,-233.5550239,-637.3453769,873.066883,-0.039751807,0.012233115,0.027518692,,,1
1,-700.0064412,816.6076846,-116.6033407,0.007296416,0.032509842,-0.039806258,,,1
1,-69.5967626,448.2071125,-376.2319822,-0.307325273,-0.036572853,0.343898126,,,1
0,35.42319493,49.45990875,-83.02730778,-0.376678656,0.616965703,-0.240287047,,,0
1,99.38753558,-823.0229414,725.7966891,-0.03467765,-0.003263435,0.037941085,,,1
1,492.1921492,-888.0551438,-38.80006425,-0.019858056,0.027735588,-0.007877532,,,1
1,403.9589992,16.7213023,8.001666063,0.290580725,-0.566971396,0.276390671,,,1
1,343.3114856,524.5342561,56.94267422,0.042222375,-0.331912116,0.289689741,,,1
1,627.6879564,-852.15724,226.462188,-0.012510894,-0.028774099,0.041284993,,,1
1,561.9355744,310.8859148,-870.6911377,0.041485955,-0.028206184,-0.013279772,,,1
0,54.88231494,7.968615085,-65.77945882,0.023289642,0.524186886,-0.547476529,,,0
0,-41.66401891,-8.876319132,52.83282808,0.408611029,-0.580015373,0.171404345,,,0
0,54.07380702,-6.291383875,-45.04531829,-0.036384887,0.542685994,-0.506301107,,,0
1,249.4507897,-279.1308233,31.81909469,0.039095989,-0.537089256,0.497993267,,,1
0,32.98778756,-28.78369962,4.512624458,0.585344929,-0.165381329,-0.4199636,,,0
0,14.14981023,-41.02728522,28.83604013,0.599089197,-0.327873538,-0.271215659,,,0
1,-296.3283719,-572.9337309,869.2598499,-0.041964684,0.015877876,0.026086807,,,1
0,12.93030691,-34.18643952,23.06543694,0.593169175,-0.243353646,-0.349815528,,,0
0,44.98678849,35.46893637,-83.49113535,-0.229231617,0.617182451,-0.387950834,,,0
1,452.4957088,-883.7295433,431.2315711,-0.022190508,-0.020131615,0.042322123,,,1
0,52.50030262,-13.55555649,-39.45103639,0.330689713,0.279364509,-0.610054222,,,0
1,-655.4808303,845.7434274,26.9326564,0.009920272,0.066533401,-0.076453672,,,1
0,-63.3341028,81.22788174,-15.98681399,-0.380738576,-0.214992457,0.595731033,,,0
0,-66.77858633,84.92392013,-21.38044457,-0.36786722,-0.228547765,0.596414984,,,0
1,841.1767727,-637.8021269,-1.695634174,0.009196792,-0.222786681,0.213589888,,,1
0,24.75709413,51.12487125,-73.6344139,-0.463840605,0.582657794,-0.118817189,,,0
0,8.49680411,-25.40713353,13.46541999,0.590018493,-0.245870782,-0.344147711,,,0
0,41.63289316,-56.43987228,25.66495686,0.561965859,-0.082745681,-0.479220178,,,0
0,-60.70603384,27.89801233,29.71400124,0.212214523,-0.580550299,0.368335776,,,0
1,-304.7211911,26.45857943,-47.40939642,-0.334209623,0.605916163,-0.27170654,,,1
1,-440.0364572,-67.45528268,42.28978825,0.356776036,-0.38682427,0.030048234,,,1
1,704.575745,-822.0086474,119.5834121,-0.007013719,-0.032729375,0.039743095,,,1
0,12.35987634,-52.08140073,42.48485837,0.597496525,-0.246858302,-0.350638223,,,0
1,-698.4017812,-12.84187274,-31.63593302,-0.182225911,0.511175494,-0.328949583,,,1
1,-44.02574068,787.1099731,-741.0434569,0.036456307,0.000434193,-0.036890499,,,1
1,-24.50026749,762.1437501,-734.9983107,0.266373691,0.007032641,-0.273406332,,,1
0,-39.70816155,91.49536316,-49.94579599,-0.580155895,0.120548372,0.459607523,,,0
0,57.81928897,-51.55022697,-6.269062003,0.361814857,0.239862218,-0.601677074,,,0
1,823.3381213,-178.6800434,31.06227437,0.030843961,-0.354884366,0.324040405,,,1
1,-50.90947318,-195.9171372,249.066563,-0.507487275,-0.039970538,0.547457813,,,1
0,-63.99969632,90.11544789,-29.47990605,-0.420218169,-0.16561134,0.585829509,,,0
1,857.7890927,-312.8574221,23.05782066,0.025924117,-0.330829991,0.304905874,,,1
1,845.4651762,-645.3675259,-200.0999132,0.007871293,-0.039941794,0.032070501,,,1
1,194.9316695,57.34114269,-48.60243657,-0.381701882,0.512008443,-0.130306561,,,1
1,805.4569873,-122.1678117,20.53097571,0.032583034,-0.35842916,0.325846126,,,1
0,-52.2307385,-42.58135576,64.22322134,0.472517969,-0.501578273,0.029060304,,,0
0,38.09328044,36.35304143,-72.10688669,-0.342733976,0.614301642,-0.271567667,,,0
0,48.38036753,-21.14758404,-30.2878018,0.371478077,0.232418483,-0.60389656,,,0
1,865.6857416,-364.5510659,19.68550469,0.023770065,-0.318887191,0.295117126,,,1
1,-515.747572,2.092235454,-41.45142782,-0.25505448,0.572996613,-0.317942132,,,1
0,14.75391271,-60.80166454,46.04775183,0.605799783,-0.292583346,-0.313216437,,,0
0,-18.46817957,-45.97380627,60.83078033,0.544022339,-0.501578278,-0.042444061,,,0
1,-487.6214671,881.6079392,-393.9884689,0.020417013,0.021947602,-0.042364615,,,1
1,343.1442916,-23.33637464,46.61856807,0.325056209,-0.605206818,0.280150609,,,1
0,-71.38714451,57.0241488,11.01303553,-0.04029334,-0.49037568,0.53066902,,,0
1,-686.3800316,-86.1266722,-37.69498036,-0.010490532,0.356343312,-0.34585278,,,1
1,53.09865845,-629.9405108,579.5470196,0.191315302,0.027920534,-0.219235835,,,1
1,547.0813679,-880.7888585,-35.32098228,-0.016861424,-0.001812558,0.018673982,,,1
0,32.31780941,53.16281742,-83.62554419,-0.406286901,0.611053276,-0.204766375,,,0
1,-452.6758285,-418.0754668,-54.99144386,-0.042273332,0.353663316,-0.311389984,,,1
0,26.32299042,-29.88613336,0.378314938,0.552503126,-0.075778823,-0.476724304,,,0
1,48.48545854,-670.562167,624.6513128,0.099529365,0.024037226,-0.123566592,,,1
0,-62.85448199,11.41817617,54.22806115,0.165796637,-0.585772797,0.41997616,,,0
0,-37.17053622,-4.186042026,43.17494684,0.4390229,-0.561087708,0.122064808,,,0
0,44.93589253,35.94233846,-79.01993651,-0.262500701,0.618905064,-0.356404364,,,0
1,-34.43350747,783.1379217,-746.1797739,0.189103967,-0.000244864,-0.188859103,,,1
1,-221.9247418,852.2675681,-628.2247232,0.031342495,0.009006811,-0.040349306,,,1
1,-250.6347778,-60.58152657,47.31701476,0.379272429,-0.48500845,0.105736021,,,1
0,-63.38628109,70.95747513,-5.258790449,-0.377453986,-0.221734195,0.599188181,,,1
0,19.43931714,66.0609643,-83.64787109,-0.502542362,0.5682551,-0.065712738,,,0
1,316.1044665,-0.621972545,12.14158566,0.322507257,-0.583849099,0.261341842,,,1
1,873.1590699,57.01599557,-3.381494862,-0.097566866,-0.149932347,0.247499213,,,1
1,595.1794472,70.51439733,-35.47987571,-0.317939619,0.275772737,0.042166882,,,1
0,42.82099234,19.64971872,-59.06984028,-0.274342658,0.607952086,-0.333609428,,,0
0,-81.37363096,42.27113578,41.04591936,0.143969458,-0.514947864,0.370978406,,,0
0,42.7538741,-21.52762013,-24.65742198,0.432051788,0.152723241,-0.584775029,,,0
0,44.89038414,16.36205912,-61.25244327,-0.326668883,0.605295128,-0.278626244,,,0
1,-385.9451237,887.270544,44.44611653,0.024921937,-0.08035895,0.055437013,,,1
1,-276.9369379,-61.70189751,46.79299476,0.377467931,-0.473361282,0.095893351,,,1
0,-44.85424256,100.0653649,-58.65878683,-0.577282155,0.107910438,0.469371717,,,0
0,62.27630049,-41.4910785,-20.78522199,0.238479265,0.363219574,-0.601698839,,,0
1,-669.8155867,-164.3242274,834.1375506,-0.039393451,0.033261523,0.006131927,,,1
1,-505.8166181,3.007235995,-42.11537529,-0.259237596,0.576020379,-0.316782783,,,1
1,-686.1876893,222.5403148,-10.15333094,0.033175404,0.245938065,-0.279113469,,,1
1,-398.1665542,888.2288511,43.86065639,0.024380997,-0.074570899,0.050189902,,,1
1,806.0887071,-710.5570944,-8.921234289,0.003942562,-0.182984474,0.179041912,,,1
0,-40.14333235,-20.59118867,63.40710194,0.431466623,-0.578985089,0.147518466,,,0
0,55.33607936,1.087132484,-59.46914216,0.107664963,0.472903431,-0.580568394,,,0
0,-48.64784475,-16.3647804,61.25179289,0.325479834,-0.605280043,0.279800209,,,0
0,53.59339704,7.758746217,-59.00619551,-0.086412347,0.569055009,-0.482642662,,,0
1,17.41927272,478.2026764,-492.9129222,0.47395,0.031610516,-0.505560516,,,1
0,-21.11174814,-11.69707463,29.35474202,0.542440392,-0.463553325,-0.078887067,,,0
0,-46.93852746,6.679061627,42.07993263,0.354964415,-0.585804983,0.230840568,,,0
0,-25.6202893,-12.73027506,35.38578842,0.51960035,-0.498625116,-0.020975234,,,0
1,676.6339013,-646.2209394,-28.31993581,0.019764962,-0.378334507,0.358569546,,,1
0,-22.33444632,-40.20841869,62.54286501,0.506570054,-0.541185758,0.034615703,,,0
0,54.27818427,-34.52949419,-17.0028149,0.267476822,0.335185838,-0.60266266,,,0
0,23.78318169,-29.97558353,3.006655475,0.562065532,-0.103852471,-0.458213062,,,0
1,-242.8084761,-613.3066826,858.121129,-0.041502513,0.013365144,0.02813737,,,1
1,-531.632626,-329.3391721,-52.71234126,-0.041722293,0.365711674,-0.323989381,,,1
1,-864.5510421,274.2359007,590.3128779,-0.026995363,0.041812427,-0.014817063,,,1
1,-504.8015074,-374.3401428,881.1516728,-0.042035855,0.025667808,0.016368047,,,1
1,729.3646989,70.02129354,-26.29845296,-0.259408737,0.142204103,0.117204634,,,1
0,-60.33830979,27.24726123,34.91519303,0.178740611,-0.577707397,0.398966786,,,0
0,22.64293353,43.46802509,-63.38754206,-0.467717355,0.573505977,-0.105788622,,,0
0,-51.05213267,92.1124948,-43.95030875,-0.532516951,0.009204836,0.523312116,,,0
0,-67.03343845,33.4694508,29.92246309,-0.149530825,-0.434583368,0.584114193,,,0
1,596.99834,-862.8636778,265.8630745,-0.014410781,-0.027264327,0.041675108,,,1
0,39.13750982,-24.6327779,-11.65591338,0.489000822,0.060475398,-0.54947622,,,0
0,35.54259596,23.93114267,-62.81858453,-0.38929891,0.597027286,-0.207728377,,,0
0,-66.53623217,39.63686209,23.91830878,0.093946587,-0.551321073,0.457374485,,,0
0,-54.1152955,18.32643326,32.57698547,0.305069468,-0.585698685,0.280629216,,,0
0,-58.24629608,13.42751901,47.0299073,0.21764843,-0.590752422,0.373103993,,,0
0,42.17301412,-21.93574787,-23.66875782,0.438428364,0.143418303,-0.581846667,,,0
1,23.82340572,-791.2025709,769.9530804,-0.173463586,0.000974312,0.172489275,,,1
1,236.1952267,-855.6814934,619.4840033,-0.030928998,-0.009589749,0.040518747,,,1
1,29.62030417,331.4275232,-358.3317174,0.498285916,0.03700301,-0.535288926,,,1
0,-37.25629138,-41.39370891,67.3592447,0.516405674,-0.467361773,-0.049043902,,,0
0,24.29998656,62.87373059,-90.20067981,-0.45611113,0.598154257,-0.142043127,,,0
1,864.7750268,-543.9939628,6.459428434,0.014930311,-0.263335199,0.248404888,,,1
1,-854.3318862,235.1149476,621.2356726,-0.028496594,0.041420121,-0.012923528,,,1
0,24.30678078,-28.65137241,1.034315021,0.558492268,-0.093747332,-0.464744936,,,0
1,828.5519104,-193.7722316,30.28753829,0.030473973,-0.352922328,0.322448356,,,1
1,379.1388599,65.56422695,-44.2412834,-0.366543022,0.422222965,-0.055679943,,,1
0,-64.63601359,62.20703502,5.255489173,-0.375054883,-0.227916983,0.602971866,,,0
0,-25.3675857,80.25462425,-52.650691,-0.610714098,0.2591636,0.351550499,,,0
0,-24.64586807,80.74880173,-53.77872401,-0.611875881,0.268159745,0.343716136,,,0
0,-65.20584119,60.66553467,7.236363784,-0.359576493,-0.245518517,0.60509501,,,0
1,-819.0509464,-31.75407524,-19.60299878,-0.08108626,0.400116553,-0.319030294,,,1
1,803.5911393,-728.0649535,-75.51764587,0.002211829,-0.03779276,0.035580931,,,1
0,-62.95478819,71.52070531,-6.253291315,-0.384952335,-0.212907246,0.597859581,,,1
0,7.846607906,-41.92298021,36.35743468,0.598040974,-0.291587388,-0.306453587,,,0
1,877.186157,50.53553073,3.671261946,-0.04444535,-0.231155951,0.275601302,,,1
1,-49.26292874,-753.9518045,805.3783025,-0.037726053,0.003755331,0.033970722,,,1
0,60.64859532,-14.21703191,-46.43156341,-0.049956669,0.547892357,-0.497935688,,,0
1,744.3795308,-682.6271093,-59.70237492,0.013662939,-0.272106003,0.258443064,,,1
1,-723.9805891,800.6413865,-74.63136515,0.005326922,0.033742796,-0.039069718,,,1
0,7.121825601,75.57389516,-80.8456233,-0.564143546,0.506335012,0.057808534,,,0
0,52.27047049,18.68322551,-73.99406965,-0.072243302,0.570792645,-0.498549343,,,0
1,-296.3305315,-572.930515,869.258783,-0.041964895,0.015878042,0.026086853,,,1
1,43.28647559,-747.1636354,706.524977,0.02995373,0.016381622,-0.046335352,,,1
0,-60.14379531,-14.23346089,76.61800669,-0.486318246,-0.042125923,0.528444168,,,0
0,7.61439174,-42.28799712,37.04363476,0.597753333,-0.291264926,-0.306488407,,,0
0,-54.73777465,-44.9388127,59.51695782,0.435334718,-0.526702878,0.09136816,,,0
0,49.94137388,26.49066721,-79.8426945,-0.11155133,0.5877026,-0.47615127,,,0
0,15.45913194,-31.73420814,13.32224307,0.585609547,-0.196567876,-0.389041672,,,0
0,8.212764931,-27.83356141,16.4298411,0.591653714,-0.25595965,-0.335694064,,,0
0,32.78793266,33.12489849,-62.67873835,-0.386353759,0.601853053,-0.215499294,,,0
1,45.9054362,-125.0641421,81.9869701,0.487184093,0.03465608,-0.521840172,,,1
1,-803.9686967,84.40353225,719.5629357,-0.033469645,0.039273437,-0.005803792,,,1
1,-310.7238348,876.9352699,47.72371816,0.028033862,-0.114621234,0.086587372,,,1
0,2.047789154,79.76649137,-79.89257231,-0.582252899,0.477535371,0.104717527,,,0
0,-63.63539446,47.83231001,12.15490507,-0.315714608,-0.291221178,0.606935785,,,0
0,44.05136408,-26.65998048,-20.33373556,0.43411557,0.149688232,-0.583803802,,,0
1,-627.6785366,857.7733431,29.31017552,0.011853133,0.048998395,-0.060851528,,,1
0,-62.49363576,21.84990248,40.64373329,-0.026149866,-0.511175773,0.537325639,,,0
0,-51.37410539,-12.48450101,60.09679127,0.292792422,-0.605829115,0.313036693,,,0
0,0.072767135,-23.98677151,20.59544604,0.590220844,-0.320613326,-0.269607518,,,0
0,30.23565193,58.26414269,-91.77117181,-0.401880455,0.617339345,-0.215458889,,,0
0,-68.64665313,58.76937022,12.18569013,-0.228789134,-0.368832517,0.59762165,,,0
0,49.16335609,-36.29969142,-10.59419118,0.398183677,0.195746123,-0.593929801,,,0
0,-67.26550214,80.56655448,-16.29589688,-0.343302536,-0.255791633,0.599094169,,,0
0,-38.09221759,-50.34641104,54.6966706,0.395844427,-0.55363291,0.157788483,,,0
1,-853.0300904,625.5832414,227.44468,-0.009226914,0.040447847,-0.031220933,,,1
1,-532.2210798,877.2634081,-342.9293079,0.018054148,0.024165789,-0.042219937,,,1
1,66.92749043,730.4642357,-795.3493809,0.038866734,-0.00487722,-0.033989515,,,1
0,-17.19854202,91.72441621,-77.65849057,-0.6174585,0.360669207,0.256789293,,,0
0,-23.69163913,80.51957097,-54.50349889,-0.61258638,0.276735072,0.335851308,,,0
0,-34.76222348,-5.653038011,42.30434709,0.457232039,-0.551063326,0.093831286,,,0
1,-98.42993346,811.5984369,54.32439082,0.035059543,-0.200224698,0.165165155,,,1
1,55.91267287,-394.3612007,341.2164103,0.382515518,0.026268213,-0.408783731,,,1
0,-10.75971249,-51.08852742,58.09998706,0.572818807,-0.455018337,-0.11780047,,,0
1,672.5608261,9.54837424,33.42030068,0.197884297,-0.525932704,0.328048406,,,1
0,52.33385873,-8.469405348,-47.28815344,0.258488561,0.353270392,-0.611758953,,,0
0,-54.11067589,-1.605179511,55.7158554,0.198531636,-0.595038185,0.396506549,,,0
1,-695.5419204,-122.4984679,820.0540845,-0.038606271,0.034447523,0.004158748,,,1
0,-45.87908315,-14.28244323,62.83590583,0.38274325,-0.593935996,0.211192746,,,0
0,43.44433787,28.57585445,-69.67896122,-0.276794104,0.61421129,-0.337417186,,,0
0,39.6403468,-32.39417961,-5.371729992,0.494039071,0.05315801,-0.547197081,,,0
0,62.81141372,-23.71273092,-39.0986828,0.045114214,0.500671796,-0.54578601,,,0
0,-30.68558509,63.2062149,-36.24146725,-0.592017832,0.178906688,0.413111143,,,0
1,797.5825282,27.71867015,22.44736223,0.104418819,-0.427897759,0.32347894,,,1
1,-722.3588298,-10.73512627,733.3862023,-0.009631488,0.029925008,-0.020293521,,,1
0,-4.612154984,55.39360679,-54.45707238,-0.594986142,0.40128257,0.193703572,,,0
1,156.9023271,-45.11221892,49.11514083,0.364580087,-0.601851165,0.237271078,,,1
0,-72.20641335,63.4501952,5.404003726,-0.106572826,-0.451575658,0.558148484,,,0
1,-23.78572923,-534.6770747,560.7314943,-0.460080386,-0.028296542,0.488376928,,,1
1,785.6717427,25.65899315,23.83718164,0.115933715,-0.441161738,0.325228024,,,1
1,168.6644102,-835.6897251,667.0230515,-0.033106356,-0.006324041,0.039430396,,,1
1,-458.2713409,-423.8192493,884.1785803,-0.042288386,0.023500099,0.018788287,,,1
1,653.2612569,70.78808942,-32.01631825,-0.29647453,0.223775309,0.072699221,,,1
0,46.99133391,-60.4589357,13.46760179,0.494308532,0.056212361,-0.550520893,,,0
1,46.16304,-725.3745292,681.8732351,0.069469861,0.019148604,-0.088618465,,,1
1,272.0747038,-868.8975511,-49.20532632,-0.029507869,0.131400256,-0.101892387,,,1
1,-48.43302067,770.0690495,-719.1509566,0.059080266,-0.011411709,-0.047668558,,,1
0,57.05343977,-6.210823863,-48.58206707,0.046836485,0.504493781,-0.551330266,,,0
0,-17.61219637,88.06717099,-68.60931688,-0.616589689,0.332897122,0.283692567,,,0
0,-68.23673851,45.43861908,19.45202019,0.073617804,-0.542304644,0.46868684,,,0
1,875.568027,55.67000118,-1.815087349,-0.085893453,-0.168298779,0.254192232,,,1
1,24.32749907,-776.1965307,754.2496248,-0.173837696,0.00227089,0.171566806,,,1
0,-18.15015814,-16.93257383,32.0041352,0.551245844,-0.454245559,-0.097000285,,,0
1,873.4508223,57.66136721,-4.170162584,-0.103289319,-0.140692531,0.24398185,,,1
0,34.36862557,52.30231711,-89.82046342,-0.363660096,0.622856082,-0.259195985,,,0
0,-56.79977885,93.84033971,-40.28158418,-0.496784195,-0.055046586,0.551830781,,,0
0,-23.39029236,94.96324138,-74.82645513,-0.619536146,0.312784608,0.306751538,,,0
1,124.0709024,-836.7815277,-53.97130242,-0.033185062,0.194268345,-0.161083284,,,1
1,870.3366367,-512.7576323,9.15063931,0.016949575,-0.27582914,0.258879565,,,1
1,791.7248097,26.6921246,23.14512732,0.110189854,-0.434583368,0.324393513,,,1
1,43.54284404,-719.0927477,678.0992673,0.028843449,0.018882456,-0.047725905,,,1
1,-479.5215697,-417.1756907,898.8681194,-0.03958781,0.023654843,0.015932968,,,1
1,-664.9200258,-17.58814757,-29.54848005,-0.157050828,0.489739676,-0.332688848,,,1
0,-53.46491136,70.84612282,-14.5340645,-0.50538224,-0.043519535,0.548901775,,,0
1,263.7992051,61.14913638,-47.06115173,-0.378411781,0.479244076,-0.100832294,,,1
0,56.69190091,-4.667181013,-49.67585197,0.037045543,0.510276833,-0.547322376,,,0
0,-68.54246356,76.06661866,-10.40467425,-0.3019639,-0.298041092,0.600004993,,,0
0,-32.53367955,99.58941804,-70.48448875,-0.612898732,0.23669915,0.376199581,,,0
1,37.34331218,-775.949809,741.2285109,-0.041582627,0.011257009,0.030325617,,,1
0,1.710558754,-26.93215574,22.14891184,0.591893047,-0.314232316,-0.277660731,,,0
0,-67.63551471,47.06516305,22.46944976,0.000695221,-0.514497052,0.513801831,,,0
0,-66.10591263,31.29075115,37.03011992,0.051763111,-0.542889147,0.491126036,,,0
0,-14.665238,87.0237197,-70.51229176,-0.615136684,0.356866841,0.258269843,,,0
0,-56.16683873,19.73810361,33.45339813,0.273078341,-0.587117774,0.314039433,,,0
0,-67.4563822,36.12554444,33.54686078,0.00426568,-0.521564626,0.517298946,,,0
0,-40.5450936,91.44399348,-49.05767122,-0.576825367,0.111160429,0.465664938,,,0
0,-37.14795707,91.55562269,-52.56572902,-0.589301602,0.148547619,0.440753984,,,0
1,45.46959268,-786.0618208,742.6726071,-0.036496015,-0.000375604,0.036871619,,,1
0,-13.91903318,89.31157707,-78.40789295,-0.614165951,0.383149089,0.231016862,,,0
1,-156.3226122,-690.4933706,848.9812161,-0.039910966,0.008910205,0.031000761,,,1
1,584.1883199,263.4024399,50.69277646,0.041009635,-0.371608853,0.330599218,,,1
1,-844.722898,645.6446069,201.1038265,-0.00791841,0.040015464,-0.032097053,,,1
0,-52.22893606,79.61426542,-25.06847742,-0.507785924,-0.037324867,0.545110791,,,0
0,24.19064384,67.23021652,-94.60647947,-0.451699935,0.603994215,-0.15229428,,,0
0,6.102388386,66.25847926,-70.11763199,-0.564770183,0.494148583,0.0706216,,,0
0,3.209469896,-31.17517094,29.77674498,0.593534776,-0.325867324,-0.267667452,,,0
0,-53.52473527,56.23661357,-2.711878294,-0.42674896,-0.159133954,0.585882913,,,0
0,45.2905361,34.2676176,-82.47909345,-0.228748554,0.616472055,-0.387723501,,,0
0,9.713772277,54.37198344,-61.36600591,-0.542020358,0.515152007,0.026868351,,,0
0,21.71851898,-28.64656681,3.616816685,0.567204848,-0.121644651,-0.445560197,,,0
0,-26.28754443,-13.91912584,42.02294308,0.507148279,-0.515947589,0.008799311,,,0
0,22.32247711,-24.4050918,15.39436314,0.59534034,-0.252885241,-0.342455099,,,0
1,-873.1782755,-57.01611685,3.381153744,0.097571961,0.149932444,-0.247504405,,,1
0,-65.96864073,59.45203028,9.212149513,-0.343959123,-0.262752563,0.606711685,,,0
1,-476.046462,882.4330443,-406.388846,0.020991415,0.021380096,-0.042371511,,,1
0,-39.79445061,3.541396499,32.79326661,0.441467869,-0.552003704,0.110535836,,,0
0,-72.54166743,71.75069355,-2.681174405,-0.181462767,-0.399461008,0.580923775,,,0
1,852.1552618,-220.670529,-629.4270211,0.028945731,-0.041215206,0.012269475,,,1
0,57.46740131,-15.87410578,-39.33035573,0.149764976,0.43711814,-0.586883115,,,0
1,52.78790683,-123.7580731,73.56969748,0.443194065,0.042206113,-0.485400178,,,1
0,53.24995205,8.740453017,-59.64468214,-0.095839376,0.572638426,-0.47679905,,,0
1,355.8471778,513.1782327,56.78145269,0.042268757,-0.334663902,0.292395144,,,1
1,465.0280899,-882.6868605,419.6545498,-0.021613539,-0.020729075,0.042342614,,,1
0,-7.726666983,-26.19349635,35.73312278,0.576763215,-0.406855815,-0.1699074,,,0
0,-61.78027387,81.79222756,-18.1763787,-0.402528894,-0.188956774,0.591485668,,,0
1,-860.795395,-60.71149384,8.054168165,0.131968827,0.094018548,-0.225987375,,,1
0,19.08953113,47.11766706,-63.10669028,-0.491617733,0.559661108,-0.068043375,,,0
1,-75.8022885,-740.3563342,816.2199695,-0.03680063,0.004685917,0.032114713,,,1
1,753.1124066,25.85756486,-776.8353163,0.036477925,-0.036939548,0.000461623,,,1
0,-21.9733272,-49.00592528,50.35973782,0.388247417,-0.56009089,0.171843473,,,0
1,96.51352732,-129.8267837,35.4457976,0.041577389,-0.52485932,0.483281931,,,1
1,-69.41356268,468.1621384,-396.3666802,-0.294502487,-0.035884627,0.330387114,,,1
0,-43.21142749,92.27754349,-47.15327249,-0.566425651,0.083475756,0.482949896,,,0
0,22.15076842,63.62686658,-83.92469051,-0.485314285,0.579358524,-0.094044239,,,0
1,-70.0298329,406.4928741,-333.9939321,-0.332169173,-0.037895627,0.3700648,,,1
0,-20.3984436,-44.57840877,61.36495271,0.535447682,-0.512008318,-0.023439363,,,0
0,-31.91131511,93.29292645,-64.27795282,-0.608707058,0.22396275,0.384744307,,,0
0,40.32925954,-32.11729056,-6.337711914,0.488721186,0.062651189,-0.551372375,,,0
0,55.36154971,12.29338369,-65.79234781,-0.041936512,0.555309877,-0.513373365,,,0
0,6.172676134,77.18025385,-86.26014729,-0.561540681,0.514229209,0.047311472,,,0
1,549.5541724,-883.3826164,333.8473431,-0.016952263,-0.025074625,0.042026888,,,1
1,52.32928966,-608.5628821,558.8325335,0.168157912,0.028712684,-0.196870597,,,1
0,14.86228369,-61.818,43.21607452,0.602657681,-0.258689754,-0.343967926,,,0
1,866.3834028,-275.4997825,-588.7444473,0.027057889,-0.041824191,0.014766301,,,1
1,56.63778775,-418.9216469,364.9336386,0.312729375,0.037255649,-0.349985025,,,1
0,-41.00998174,-37.59893313,68.19973449,0.511404547,-0.464298145,-0.047106401,,,0
0,-61.25732773,89.41378329,-31.27285725,-0.446612398,-0.130582024,0.577194422,,,0
1,-422.8972334,-460.6218483,883.5168182,-0.042376158,0.021828453,0.020547705,,,1
0,-68.52613981,67.15305411,3.204783886,-0.222753053,-0.370100735,0.592853788,,,0
1,-488.4831894,10.39989941,-42.44275366,-0.281427055,0.588993195,-0.30756614,,,1
0,-44.22454159,97.34936365,-56.3711447,-0.576187166,0.106300427,0.469886738,,,0
0,57.99959388,-6.372494744,-49.68730968,0.155374213,0.437502983,-0.592877196,,,0
0,-8.635420201,-52.24431784,57.27200134,0.57867474,-0.442225851,-0.136448888,,,0
0,40.81881162,46.57318505,-90.34089893,-0.283630025,0.626639197,-0.343009172,,,0
0,-62.45847353,91.57003598,-32.47668685,-0.440958291,-0.138241383,0.579199674,,,0
1,-229.4372968,-623.2140957,854.6571701,-0.041363081,0.012732056,0.028631025,,,1
0,39.232166,47.2438293,-89.87979408,-0.300012116,0.626726767,-0.32671465,,,0
0,-67.95636106,77.42756153,-12.35227333,-0.318537486,-0.281641318,0.600178804,,,0
1,882.7491379,-485.8373258,-394.8499434,0.017374441,-0.042112175,0.024737734,,,1
0,-44.02472652,100.1330051,-59.55483501,-0.580752699,0.117322554,0.463430145,,,0
0,44.83146935,-25.97751606,-17.01802635,0.491638488,0.059403681,-0.551042169,,,0
0,59.53277586,-27.35915976,-35.88321085,0.08181372,0.478291325,-0.560105045,,,0
1,565.6496286,-870.9165035,305.2646115,-0.016271426,-0.025708922,0.041980348,,,1
0,-66.32826761,58.82679251,10.19675509,-0.336024155,-0.271272246,0.607296401,,,0
0,-22.36786202,62.58614337,-40.21828135,-0.599532925,0.223772149,0.375760776,,,0
1,-699.3633033,817.4111127,-116.017792,0.007300209,0.032497633,-0.039797841,,,1
1,317.59553,-25.42410875,47.15717363,0.331243349,-0.605829118,0.274585769,,,1
1,208.1954396,57.99378738,-48.3935291,-0.381285093,0.50685588,-0.125570787,,,1
0,0.326984848,-56.79168617,52.8600837,0.597671883,-0.379451138,-0.218220745,,,0
0,-66.40634937,39.96004956,22.67876003,-0.222037444,-0.378237982,0.600275426,,,0
0,45.7357544,34.73273947,-83.62346752,-0.211852454,0.614627775,-0.402775321,,,0
0,-28.48422943,72.17593939,-40.98214234,-0.606229038,0.235724024,0.370505014,,,0
0,-48.22913448,96.77784222,-51.79347086,-0.556771523,0.05896843,0.497803093,,,0
1,-76.68513857,42.84648697,-49.86223356,-0.371588494,0.584646008,-0.213057514,,,1
0,-25.00312775,-8.983414052,30.53128591,0.526363948,-0.48539246,-0.040971489,,,0
0,35.69848733,27.55558897,-63.25407631,-0.416507818,0.589367708,-0.17285989,,,0
1,503.4238571,-887.0389351,-38.1227191,-0.019267941,0.021833814,-0.002565874,,,1
0,-20.58349216,-41.74405844,62.3275506,0.516768131,-0.532299601,0.015531471,,,0
0,-55.81374667,21.59442592,30.88093015,0.28819012,-0.585188159,0.296998039,,,0
0,0.980444392,84.84402344,-89.21359982,-0.578553388,0.494404219,0.084149169,,,0
0,-69.10674668,51.93471624,19.86472116,-0.252519917,-0.352407359,0.604927275,,,0
0,41.2395462,21.11972691,-62.35927312,-0.365731936,0.601222669,-0.235490732,,,0
0,52.31261504,-53.76385918,-2.271061628,0.390494169,0.204515522,-0.595009691,,,0
1,-487.2399258,-380.6050681,-54.09462867,-0.042099291,0.359359531,-0.31726024,,,1
0,17.80757733,69.97563041,-90.92668076,-0.499248963,0.575909363,-0.0766604,,,0
1,56.33177136,-494.9566509,441.3682548,0.30726601,0.035147745,-0.342413755,,,1
0,44.35531832,-31.54044656,-10.86700882,0.465045789,0.101489185,-0.566534974,,,0
0,-52.71017868,95.58216532,-46.11487932,-0.529065102,0.0018799,0.527185201,,,0
0,38.13149947,24.83360702,-62.96510649,-0.395343352,0.595317182,-0.19997383,,,0
0,-56.14577224,-0.500414778,59.43330683,0.271671285,-0.601990205,0.330318921,,,0
1,-488.4868203,10.39977187,-42.44287606,-0.281427197,0.588993203,-0.307566005,,,1
0,52.53693862,17.99808412,-73.69515505,-0.05377875,0.563409196,-0.509630447,,,0
1,852.1612301,39.43314232,13.69269494,0.033569701,-0.339932487,0.306362786,,,1
0,-17.66641474,-30.04804053,49.91498625,0.549436552,-0.4760423,-0.073394252,,,0
0,51.65332503,-32.58132956,-16.71505132,0.353746386,0.249542345,-0.60328873,,,0
0,7.908886906,-45.28716934,56.68207567,0.593427035,-0.344963056,-0.248463979,,,1
0,-69.56780846,49.76151515,16.33592248,0.044721052,-0.530318323,0.485597272,,,0
1,-61.15774528,-3.181119877,66.7718962,-0.484144417,-0.042314202,0.526458618,,,0
0,47.66140004,-27.64907679,-18.14022641,0.415693014,0.175003343,-0.590696356,,,0
0,24.44857103,35.34767521,-63.26983138,-0.475604852,0.563652719,-0.088047867,,,0
0,-38.42146693,73.17675564,-32.04858509,-0.58381149,0.136063608,0.447747881,,,0
0,-68.20460292,86.41627511,-21.68165374,-0.353339241,-0.244181002,0.597520243,,,0
0,24.38686709,41.76460342,-63.42752957,-0.455187101,0.579649131,-0.12446203,,,0
1,327.8588537,-355.1429635,29.42511067,0.03707722,-0.535375292,0.498298072,,,1
0,-58.36353798,23.92227786,31.34842902,0.24709347,-0.584783201,0.33768973,,,0
1,740.9101942,-787.4560836,48.53630552,-0.004044358,-0.034472802,0.03851716,,,1
1,-539.050003,-336.9769522,876.0246917,-0.041744649,0.027242467,0.014502182,,,1
1,143.3800495,-45.88325401,49.55122325,0.366352248,-0.600126548,0.2337743,,,1
1,-69.38584423,319.9978195,-248.2523755,-0.377544387,-0.039922695,0.417467082,,,1
0,15.12766138,43.15147509,-61.82631031,-0.528734005,0.521933153,0.006800852,,,0
0,-66.81834842,25.54511519,37.50522341,-0.065319936,-0.489739544,0.55505948,,,0
1,-524.1822616,314.3291674,7.847025868,-0.014854652,0.186734166,-0.171879514,,,1
1,142.0062936,-825.5018789,685.4961652,-0.033913597,-0.005020627,0.038934224,,,1
0,33.49503153,51.73959146,-88.15051432,-0.3780292,0.619341727,-0.241312527,,,0
0,-53.81829776,-3.25286078,59.45371594,0.28799819,-0.600558397,0.312560207,,,0
0,40.57317745,-29.05153592,-7.424893038,0.544655887,-0.044989535,-0.499666352,,,0
0,-63.32619916,34.86226329,24.9961664,0.183867769,-0.573473365,0.389605596,,,0
1,475.5439065,-899.5329937,-40.12091992,-0.020224325,0.039024161,-0.018799837,,,1
1,576.9275648,-578.2380453,3.437189538,0.026431908,-0.465761479,0.439329571,,,1
0,30.38170917,-29.42484404,-4.140163124,0.533785198,-0.028548957,-0.505236241,,,0
1,-811.1235042,701.9582716,8.022943508,-0.004611828,0.188140095,-0.183528267,,,1
1,560.838787,310.6795445,-871.5205951,0.041439693,-0.028160218,-0.013279475,,,1
0,40.39837409,-26.09026882,-17.48712317,0.463873875,0.104343797,-0.568217673,,,0
0,41.45145532,45.58695763,-89.97398532,-0.275065999,0.625957062,-0.350891063,,,0
0,54.98931236,12.42408584,-69.57252378,0.039600363,0.517331638,-0.556932001,,,0
1,-485.6699374,214.1493745,272.229148,0.163892078,-0.015591751,-0.148300327,,,1
1,-875.5083463,340.0326211,537.4960117,-0.024342482,0.042219869,-0.017877388,,,1
1,877.5605213,53.54840916,0.537387689,-0.068228059,-0.195531417,0.263759476,,,1
1,713.0245024,95.22746507,-808.2542311,0.037991516,-0.035132213,-0.002859302,,,1
1,-880.3458181,498.4057801,384.0421214,-0.016804023,0.042097772,-0.025293749,,,1
1,-315.2093308,872.2293644,-557.0222973,0.028011505,0.013517129,-0.041528634,,,1
1,-345.3898411,-548.0178055,895.5760036,-0.040726432,0.017502373,0.023224059,,,1
0,-69.15328945,78.48242776,-12.43985478,-0.302935324,-0.296612511,0.599547834,,,0
1,89.23969634,-21.64887226,20.67515948,0.363918755,-0.572499281,0.208580525,,,1
1,700.1068798,-817.1322321,117.023089,-0.007347343,-0.032423951,0.039771294,,,1
0,-66.67908834,37.5935498,25.44226385,-0.195166529,-0.400116463,0.595282992,,,0
0,-32.42841681,-27.95088526,60.37930207,0.417135728,-0.58903369,0.171897962,,,0
1,724.7239703,-800.3627004,75.63646681,-0.005374057,-0.033669114,0.039043171,,,1
0,-54.45588578,96.39497904,-45.3084238,-0.519335916,-0.016350119,0.535686035,,,0
1,-751.7018256,-26.4947565,778.1943476,-0.036463479,0.03696293,-0.000499451,,,1
0,-72.66051069,67.48221909,1.706199071,-0.135237542,-0.432355169,0.567592711,,,0
1,-660.009248,-177.1962017,839.218372,-0.039626757,0.032829664,0.006797092,,,1
1,-654.9089606,841.3136148,-184.3736611,0.010550755,0.030263603,-0.040814358,,,1
1,-636.6164977,848.6170939,-212.0026651,0.011830689,0.029328695,-0.041159383,,,1
0,43.72743928,-27.05452222,-14.40096585,0.507560903,0.030900383,-0.538461286,,,0
0,-22.38704253,-13.04720821,32.23377461,0.535752475,-0.476304899,-0.059447576,,,0
1,-759.5487002,-21.46563366,-26.54502636,-0.13860362,0.466371024,-0.327767404,,,1
0,-0.003822905,85.46219948,-88.84718314,-0.581950956,0.488402696,0.09354826,,,0
0,4.632955891,-24.31830781,16.23919154,0.591358935,-0.279479872,-0.311879063,,,0
0,34.73936873,24.85108599,-62.94679271,-0.396561017,0.595329358,-0.19876834,,,0
0,-72.16532841,75.01065561,-6.317367391,-0.217716247,-0.371266087,0.588982335,,,0
1,-168.4954366,835.0636136,-666.5699727,0.033062204,0.006404546,-0.03946675,,,1
0,47.48961606,-52.29363036,12.57731101,0.489795789,0.059508809,-0.549304598,,,0
0,-41.07266871,0.96560304,37.13744201,0.424249502,-0.563634773,0.139385271,,,0
0,59.33992007,-49.12580925,-10.21411082,0.330587902,0.274327597,-0.604915499,,,0
0,-61.80014161,29.89365563,28.81187097,0.194432902,-0.57754482,0.383111918,,,0
1,399.7535681,-892.4062369,494.8091802,-0.024189899,-0.017759445,0.041949344,,,1
0,-52.78328237,92.81127797,-43.03062116,-0.522982798,-0.009121891,0.532104689,,,0
1,61.44800712,-49.66035439,51.28594349,0.374653788,-0.585887308,0.211233519,,,1
0,6.572636448,-24.89285947,14.87468727,0.59098751,-0.262815569,-0.328171941,,,0
1,90.57180638,-41.95426262,49.81686593,0.370114397,-0.587073367,0.21695897,,,1
1,56.08521328,-522.9891681,469.6425042,0.290063513,0.030292593,-0.320356106,,,1
1,16.64447638,-780.0843926,765.9921669,-0.231857393,-0.00403374,0.235891133,,,1
1,306.2141057,-888.1728889,-48.20961129,-0.027930439,0.119818279,-0.09188784,,,1
1,558.9253416,-564.1312646,7.336038038,0.027457896,-0.476218671,0.448760775,,,1
1,59.22282055,-806.6274539,749.5665399,-0.035119273,-0.001461925,0.036581198,,,1
1,637.4159381,-848.387277,213.0421435,-0.011873625,-0.029258334,0.041131959,,,1
1,766.3556236,22.52264027,25.87737986,0.132988012,-0.460237414,0.327249401,,,1
1,341.4213668,64.23403101,-45.28249521,-0.371326659,0.44222594,-0.070899281,,,1
1,-471.7001646,-427.2448514,899.0717273,-0.042300943,0.023853933,0.01844701,,,1
1,-200.4827255,-640.3759451,-57.78259466,-0.041038416,0.296411554,-0.255373139,,,1
1,-717.1317563,300.1475288,-5.2097082,-0.057152559,0.276188265,-0.219035706,,,1
0,32.96009128,55.88719875,-92.24815244,-0.372442484,0.623458037,-0.251015552,,,0
0,-68.93266616,43.40775813,27.8293257,-0.062588099,-0.485893931,0.548482029,,,0
0,-68.92469396,44.52790479,26.61472971,-0.081217671,-0.475038068,0.556255738,,,0
0,-3.000968591,-47.19975147,52.86330281,0.593525135,-0.376373557,-0.217151577,,,0
0,34.51939752,-29.8352654,-7.745910678,0.512199782,0.018234157,-0.530433939,,,0
0,50.63476284,-41.6425019,-6.243439174,0.356413298,0.243102035,-0.599515333,,,0
1,-807.9682868,-66.83177549,17.87995063,0.202085417,-0.0293189,-0.172766517,,,1
0,-58.31899943,3.074019447,57.9239898,0.237500584,-0.599075073,0.361574489,,,0
1,541.5374111,25.65356838,31.8640085,0.224148683,-0.531730082,0.307581399,,,1
1,879.9798046,-509.5296563,-370.4524115,0.016145523,-0.041943037,0.025797514,,,1
0,51.75294984,-60.61971357,10.80329757,0.482563771,0.075170365,-0.557734136,,,0
0,-29.7395154,95.26906579,-68.65825554,-0.614043873,0.252018852,0.362025021,,,0
1,386.2190255,494.7630353,-880.9831505,0.042334482,-0.020025794,-0.022308688,,,1
1,-69.91860527,437.6007294,-365.2080377,-0.313737444,-0.036954079,0.350691522,,,1
0,-45.86939377,72.59016165,-24.01640507,-0.552610392,0.051440352,0.50117004,,,0
0,57.57909022,-2.409897956,-53.30374045,0.109507267,0.469802194,-0.579309461,,,0
1,-817.4549738,698.8151507,118.6376729,-0.003972279,0.038536848,-0.034564569,,,1
1,-717.61174,-38.33916184,0.58425701,0.03190515,0.274387727,-0.306292876,,,1
0,-16.9263974,68.96665868,-49.32756546,-0.610268046,0.336446897,0.273821149,,,0
1,761.1942108,-776.9547353,-16.01183248,-0.001092165,-0.140482882,0.141575047,,,1
1,-63.52626236,58.26092491,7.700767526,-0.470478879,-0.042447626,0.512926504,,,0
1,-718.229625,-5.41183596,723.938,0.00133475,0.027045809,-0.028380559,,,1
0,56.07542636,-53.77046181,-2.304964543,0.391616367,0.204454841,-0.596071207,,,0
1,662.3905763,70.77257866,-31.4105799,-0.292635707,0.214903204,0.077732503,,,1
1,51.31972722,-665.0536058,616.4255379,0.155394666,0.022966321,-0.178360986,,,1
1,-113.8060775,815.5088355,-701.7050217,0.034647563,0.003770912,-0.038418474,,,1
0,-54.85180761,-2.461882974,60.1000759,0.288459177,-0.60261312,0.314153943,,,0
1,-809.6252709,98.20767838,711.4153646,-0.033057269,0.039519392,-0.006462123,,,1
1,354.4752524,-877.5739464,525.0962,-0.026532109,-0.015320043,0.041852152,,,1
1,294.6632829,-323.0615657,30.53860596,0.037998821,-0.536857054,0.498858233,,,1
0,11.26256621,45.98523276,-60.81955617,-0.546411052,0.501578363,0.04483269,,,0
0,54.69465559,-7.167546588,-50.57596797,0.199060845,0.404557813,-0.603618657,,,0
0,44.32634487,37.79712032,-80.19242901,-0.271570589,0.620360936,-0.348790347,,,0
1,-732.4774327,793.8562743,-61.38095321,0.004662211,0.034153804,-0.038816014,,,1
1,810.3848204,-97.9310516,-710.3978359,0.033010857,-0.03944628,0.006435423,,,1
0,55.15355755,-31.6025111,-20.80623938,0.232973239,0.366355212,-0.599328451,,,0
1,-86.05675868,40.74712852,-50.06423566,-0.36776543,0.589356056,-0.221590626,,,1
0,-56.95790897,-41.28663547,64.89441681,0.460881919,-0.505102064,0.044220145,,,0
